nga|LNKR
na|RP
si|RP
an|DT
ha|DT
han|DT
ni|DT
hi|DT
kan|DT
kay|CJTN
ngan|CJTN
kon|CJTN
para|CJTN
ngani|CJTN
pero|CJTN
o|CJTN
basi|CJTN
samtang|CJTN
sanglit|CJTN
kunta|CJTN
salit|CJTN
imbes|CJTN
la|CLTC
man|CLTC
pa|CLTC
liwat|CLTC
gad|CLTC
gud|CLTC
ba|CLTC
naman|CLTC
kuno|CLTC
ngay-an|CLTC
lugod|CLTC
udog|CLTC
balitaw|CLTC
daman|CLTC
ak|PNN
ka|PNN
hiya|PNN
iya|PNN
ko|PNN
ano|PNN
adto|PNN
akon|PNN
hira|PNN
kami|PNN
ini|PNN
adi|PNN
ira|PNN
niya|PNN
kamo|PNN
iyo|PNN
ta|PNN
hain|PNN
nira|PNN
hini|PNN
hadto|PNN
didi|PNN
ngadi|PNN
hin-o|PNN
diin|PNN
niyo|PNN
dinhi|PNN
kanan|PNN
kanda|PNN
nganhi|PNN
aadto|PNN
aada|PNN
aadi|PNN
san-o|PNN
kanay|PNN
aanhi|PNN
nakon|PNN
kakan-o|PNN
naano|PNN
yadto|PNN
tagpira|PNN
kirita|PNN
karami|PNN
mga|MDFR
waray|MDFR
diri|MDFR
may|MDFR
oo|MDFR
daw|MDFR
sige|MDFR
anay|MDFR
ayaw|MDFR
amo|MDFR
maupay|MDFR
tapos|MDFR
maaram|MDFR
asya|MDFR
iba|MDFR
baga|MDFR
bisan|MDFR
damo|MDFR
bangin|MDFR
tikang|MDFR
pira|MDFR
niyan|MDFR
kanina|MDFR
dako|MDFR
kada|MDFR
karuyag|MDFR
danay|MDFR
mas|MDFR
dayon|MDFR
gihap|MDFR
patay|MDFR
pati|MDFR
pwede|MDFR
mahusay|MDFR
grabe|MDFR
bag-o|MDFR
parehas|MDFR
harani|MDFR
pirme|MDFR
ngahaw|MDFR
gutiay|MDFR
kahuaman|MDFR
pareho|MDFR
ngain|MDFR
maiha|MDFR
upay|MDFR
mahal|MDFR
bug-os|MDFR
tigda|MDFR
puno|MDFR
katapos|MDFR
igbaw|MDFR
utro|MDFR
kinahanglan|MDFR
butnga|MDFR
kaupay|MDFR
angay|MDFR
lagas|MDFR
hasta|MDFR
dapit|MDFR
dali|MDFR
guti|MDFR
alas|MDFR
makarit|MDFR
makusog|MDFR
harayo|MDFR
kulang|MDFR
kulop|MDFR
sigurado|MDFR
dagko|MDFR
sakto|MDFR
puro|MDFR
kilo|MDFR
daan|MDFR
dama|MDFR
tagsa|MDFR
atubangan|MDFR
masumo|MDFR
magutom|MDFR
kadamo|MDFR
tama|MDFR
buhi|MDFR
kilala|MDFR
mapaso|MDFR
syempre|MDFR
dungan|MDFR
importante|MDFR
haros|MDFR
gudti|MDFR
madali|MDFR
dati|MDFR
katima|MDFR
pagkatapos|MDFR
kagab-i|MDFR
marisyo|MDFR
makapoy|MDFR
tuhay|MDFR
barato|MDFR
siguro|MDFR
malain|MDFR
maraot|MDFR
halaba|MDFR
maraksot|MDFR
gabay|MDFR
paborito|MDFR
parti|MDFR
mamingaw|MDFR
mapira|MDFR
bawbaw|MDFR
mahitungod|MDFR
malipayon|MDFR
burod|MDFR
riko|MDFR
masakit|MDFR
hubog|MDFR
siyempre|MDFR
bakay|MDFR
kalbo|MDFR
klaro|MDFR
mismo|MDFR
urhi|MDFR
libre|MDFR
bawal|MDFR
baltok|MDFR
maaringasa|MDFR
ungod|MDFR
mabaho|MDFR
madagmit|MDFR
masayon|MDFR
mausa|MDFR
mahugaw|MDFR
nakain|MDFR
kadam-an|MDFR
tubtob|MDFR
medyo|MDFR
hinigugma|MDFR
hataas|MDFR
kamingaw|MDFR
mahinay|MDFR
puros|MDFR
buwaon|MDFR
lain|MDFR
kadali|MDFR
mahagkot|MDFR
luyo|MDFR
labaw|MDFR
matam-is|MDFR
kadagmit|MDFR
durungan|MDFR
kairo|MDFR
ilarom|MDFR
iba-iba|MDFR
maisog|MDFR
magasa|MDFR
nakalabay|MDFR
puol|MDFR
largo|MDFR
matig-a|MDFR
sadang|MDFR
pipira|MDFR
malaksi|MDFR
makaarawod|MDFR
mauran|MDFR
napaka|MDFR
kablas|MDFR
lamang|MDFR
mahamot|MDFR
talagsa|MDFR
hinay-hinay|MDFR
kahusay|MDFR
maluya|MDFR
mapiraw|MDFR
hayahay|MDFR
hiunong|MDFR
malipong|MDFR
maduha|MDFR
mahubya|MDFR
unina|MDFR
masirom|MDFR
makaharadlok|MDFR
karasa|MDFR
sirong|MDFR
maitom|MDFR
aringit|MDFR
mahulos|MDFR
tunga|MDFR
mabusag|MDFR
depende|MDFR
mingaw|MDFR
ruba|MDFR
sikat|MDFR
kaiha|MDFR
halipot|MDFR
hubya|MDFR
kurong|MDFR
antis|MDFR
hulos|MDFR
tisoy|MDFR
makaluluoy|MDFR
ura-ura|MDFR
haluag|MDFR
delikado|MDFR
klarado|MDFR
matambok|MDFR
pinakamaupay|MDFR
hul-os|MDFR
balik-balik|MDFR
abrido|MDFR
halata|MDFR
mag-isog|MDFR
imbis|MDFR
urusahon|MDFR
adlaw-adlaw|MDFR
masukot|MDFR
tadong|MDFR
gudtiay|MDFR
alanganin|MDFR
ubanon|MDFR
lawsi|MDFR
mabura|MDFR
marahalon|MDFR
tanga|MDFR
husto|MDFR
sunod|MDFR
sabid|MDFR
peke|MDFR
memoryado|MDFR
baratuhon|MDFR
madakmol|MDFR
mamara|MDFR
human|MDFR
maasin|MDFR
bagtik|MDFR
hura|MDFR
malala|MDFR
siyam|NMBR
usa|NMBR
duha|NMBR
tulo|NMBR
upat|NMBR
lima|NMBR
unom|NMBR
pito|NMBR
walo|NMBR
napulo|NMBR
syahan|NMBR
singko|NMBR
dos|NMBR
duduha|NMBR
tres|NMBR
una|NMBR
trese|NMBR
dose|NMBR
unse|NMBR
yukot|NMBR
makaduha|NMBR
ikaduha|NMBR
singkwenta|NMBR
dyes|NMBR
tutulo|NMBR
mil|NMBR
bayente|NMBR
uupat|NMBR
tagduha|NMBR
otso|NMBR
uno|NMBR
tag-usa|NMBR
sais|NMBR
milyon|NMBR
makausa|NMBR
ikaupat|NMBR
pipito|NMBR
ikatulo|NMBR
kwatro|NMBR
traynta|NMBR
syete|NMBR
otsenta|NMBR
ikalima|NMBR
katloan|NMBR
ikanapulo|NMBR
nubenta|NMBR
kinse|NMBR
sitenta|NMBR
syen|NMBR
nuybe|NMBR
ikapito|NMBR
katorse|NMBR
tawo|NN
kuya|NN
bugto|NN
buwas|NN
mata|NN
sura|NN
problema|NN
dagat|NN
buhok|NN
ate|NN
nanay|NN
tuna|NN
kinabuhi|NN
gab-i|NN
pasahero|NN
ulo|NN
kanta|NN
bulan|NN
yana|NN
babayi|NN
tindera|NN
klase|NN
kamot|NN
trabaho|NN
lawas|NN
kalibutan|NN
bata|NN
mama|NN
oras|NN
uyab|NN
lugar|NN
butang|NN
kakulop|NN
isda|NN
dughan|NN
balay|NN
tatay|NN
asawa|NN
mano|NN
pamilya|NN
aswang|NN
inday|NN
hangin|NN
anak|NN
adlaw|NN
ngaran|NN
panahon|NN
bali|NN
manok|NN
langit|NN
padi|NN
lalaki|NN
mana|NN
tubig|NN
lola|NN
aga|NN
amay|NN
hadi|NN
eskwelahan|NN
sangkay|NN
estudyante|NN
tuig|NN
bungto|NN
nawong|NN
ayam|NN
kalugaringon|NN
kwarta|NN
tanan|NN
bado|NN
gugma|NN
wara|NN
tita|NN
kwarto|NN
simabahan|NN
tindahan|NN
lolo|NN
sala|NN
pulong|NN
gobyerno|NN
iday|NN
presidente|NN
sakob|NN
nasud|NN
labot|NN
pasko|NN
bulig|NN
kasing-kasing|NN
pamati|NN
kalipay|NN
dugo|NN
lingkuran|NN
bayad|NN
gwapo|NN
kabataan|NN
sakit|NN
naglabay|NN
kaso|NN
dalan|NN
ligid|NN
lurong|NN
tiil|NN
bato|NN
duok|NN
motor|NN
kahoy|NN
bukad|NN
iroy|NN
kaupod|NN
piso|NN
pula|NN
kag-anak|NN
bagyo|NN
aringasa|NN
tinapay|NN
buot|NN
bukid|NN
edad|NN
libro|NN
yaya|NN
katawhan|NN
luha|NN
bahin|NN
plano|NN
pulis|NN
kababayin-an|NN
saging|NN
tiyan|NN
tuyo|NN
pusil|NN
sobra|NN
surat|NN
patod|NN
boses|NN
tambay|NN
tamsi|NN
kontra|NN
yawa|NN
uday|NN
salog|NN
kan-on|NN
halas|NN
igo|NN
grupo|NN
patron|NN
lubi|NN
bugas|NN
puto|NN
abot|NN
klasmeyt|NN
sukli|NN
nn|NN
merkado|NN
probinsya|NN
tag-iya|NN
regalo|NN
kapitan|NN
api|NN
tuba|NN
intoy|NN
sundalo|NN
apoy|NN
rason|NN
kabugto-an|NN
suga|NN
semana|NN
kalsada|NN
kabaraka|NN
baka|NN
ospital|NN
kusog|NN
gani|NN
bana|NN
huna-huna|NN
busag|NN
uwat|NN
daraga|NN
luto|NN
kasal|NN
takna|NN
sapatos|NN
kusina|NN
sarakyan|NN
salapi|NN
kalag|NN
dugang|NN
programa|NN
tingog|NN
sugo|NN
baryo|NN
baras|NN
paagi|NN
tito|NN
bintana|NN
inay|NN
kabayo|NN
baso|NN
katungod|NN
kadako|NN
ninong|NN
uran|NN
eskwela|NN
hingyap|NN
barkada|NN
pila|NN
kalayo|NN
pananglitan|NN
higdaan|NN
opisina|NN
anyos|NN
palo|NN
bantay|NN
baho|NN
kasuol|NN
utan|NN
kalurong|NN
barko|NN
hinayon|NN
kalipayan|NN
maistra|NN
sweldo|NN
pesos|NN
kahuna|NN
mani|NN
kaupayan|NN
opisyal|NN
duyan|NN
pasahe|NN
buho|NN
grasya|NN
pagbalik|NN
padis|NN
bagay|NN
panit|NN
serbisyo|NN
kakurian|NN
kasangkayan|NN
panimalay|NN
proyekto|NN
kakantahon|NN
karabaw|NN
mag-asawa|NN
bisita|NN
drayber|NN
baligya|NN
parte|NN
sayop|NN
pamaagi|NN
pangulo|NN
swerte|NN
kamatayon|NN
buruhaton|NN
talinga|NN
balud|NN
baraydan|NN
buany|NN
artikulo|NN
sako|NN
pinoy|NN
handa|NN
misa|NN
pumaralit|NN
gitara|NN
sul-ot|NN
irong|NN
kalalakin-an|NN
samad|NN
pwesto|NN
saya|NN
magurang|NN
tiya|NN
nahitabo|NN
kabutang|NN
hayop|NN
saad|NN
kahimtang|NN
tiyo|NN
pobre|NN
sitwasyon|NN
asin|NN
linya|NN
kultura|NN
bunga|NN
trabahuon|NN
singsing|NN
sabot|NN
barangay|NN
mangga|NN
balyo|NN
apo|NN
panhitabo|NN
palad|NN
gatas|NN
kahon|NN
uma|NN
banig|NN
hapon|NN
palibot|NN
radyo|NN
udto|NN
panapton|NN
sinirangan|NN
kabulig|NN
numero|NN
iristorya|NN
ahensya|NN
inop|NN
madi|NN
relasyon|NN
banda|NN
kabutangan|NN
dila|NN
tindero|NN
pako|NN
kurso|NN
payag|NN
itay|NN
apelyido|NN
mamaralit|NN
aram|NN
tulay|NN
kolor|NN
kawayan|NN
kusi|NN
lubnganan|NN
lubungan|NN
uusa|NN
puso|NN
libong|NN
manunulay|NN
amot|NN
pikoy|NN
kutsara|NN
pakakita|NN
rehiyon|NN
laway|NN
sanga|NN
karag|NN
katapusan|NN
publiko|NN
lasona|NN
manggad|NN
medya|NN
padre|NN
surudlan|NN
santo|NN
katadungan|NN
hinungdan|NN
bulawan|NN
kagab-ihon|NN
katalwasan|NN
kayakan|NN
salad|NN
agta|NN
kinaadman|NN
sibuyas|NN
kalaw|NN
mananap|NN
panuyo|NN
tigaman|NN
kandila|NN
kutsilyo|NN
kasing|NN
uyasan|NN
kaluoy|NN
artista|NN
sapa|NN
kabulan|NN
karton|NN
pedicab|NN
bungol|NN
kawatan|NN
sabaw|NN
kuryente|NN
kaaway|NN
babay|NN
bangus|NN
panlawas|NN
palasyo|NN
kalo|NN
kiray|NN
sirak|NN
katalinuhan|NN
samok|NN
kaistorya|NN
buaya|NN
prinsesa|NN
waraynon|NN
lata|NN
espada|NN
baybay|NN
siyudad|NN
kalagsan|NN
isyu|NN
tira-tira|NN
inaabat|NN
pinggan|NN
lastiko|NN
krus|NN
buwa|NN
espiritu|NN
kadagatan|NN
resulta|NN
pagtawag|NN
tanaman|NN
kaparte|NN
hugador|NN
biktima|NN
butkon|NN
sakayan|NN
panginahanglan|NN
singbahan|NN
arte|NN
tuyaw|NN
liso|NN
kabakahan|NN
lista|NN
panhuna-huna|NN
pagkatawo|NN
bulo|NN
sundang|NN
bituon|NN
balita|NN
irimnon|NN
dampog|NN
tinikangan|NN
kakuri|NN
utok|NN
bulad|NN
sigarilyo|NN
praktis|NN
hitsura|NN
ekonomiya|NN
lider|NN
kamote|NN
kamurayaw|NN
telepono|NN
santos|NN
ikog|NN
huni|NN
lara|NN
kalakat|NN
aso|NN
ideya|NN
kaagahon|NN
pasaylo|NN
ihi|NN
tunog|NN
kalangitan|NN
pamahaw|NN
korte|NN
empleyado|NN
kamurayawan|NN
tuhod|NN
katatawa|NN
lidong|NN
magburugto|NN
edukasyon|NN
balaod|NN
pwersa|NN
biyahe|NN
mais|NN
suhag|NN
kapalaran|NN
syudad|NN
kabo|NN
taklap|NN
kampanya|NN
agtang|NN
obligasyon|NN
hugaw|NN
minuto|NN
salin|NN
proseso|NN
medisina|NN
operasyon|NN
katikangan|NN
pamatasan|NN
sementeryo|NN
gahum|NN
baybayon|NN
kaagi|NN
binuhatan|NN
buang|NN
pakabuhi|NN
paglaom|NN
kostumer|NN
balhas|NN
kapaso|NN
manghod|NN
nahibaruan|NN
gasto|NN
portahan|NN
klasmet|NN
balon|NN
langyaw|NN
negosyo|NN
nabuhat|NN
humay|NN
ugat|NN
adobo|NN
kaapi|NN
masabtan|NN
konduktor|NN
pahayag|NN
porma|NN
lamrag|NN
kalain|NN
abogado|NN
sasakyan|NN
desisyon|NN
hinumduman|NN
katunga|NN
suporta|NN
pasensya|NN
kamatis|NN
uso|NN
ladawan|NN
ginhadian|NN
kasabot|NN
adik|NN
pagtuon|NN
aktibidad|NN
putos|NN
batan-on|NN
habagat|NN
harigi|NN
pagsarangkay|NN
lana|NN
tradisyon|NN
kasubo|NN
pukot|NN
kalamay|NN
taghom|NN
tagayan|NN
tugon|NN
uripon|NN
katamsihan|NN
paragsiday|NN
suruguon|NN
kandidato|NN
aragi-an|NN
suoy|NN
panulay|NN
kanding|NN
kamatuuran|NN
balaudnon|NN
sagdon|NN
molopyo|NN
uding|NN
gi-os|NN
umagad|NN
tudlo|NN
urupod|NN
hagna|NN
dungog|NN
turo|NN
buhis|NN
todo|NN
asno|NN
premyo|NN
kinabuwasan|NN
inulang|NN
utot|NN
parag-uma|NN
katungdanan|NN
linog|NN
magbarantay|NN
baraan|NN
sistema|NN
iparalit|NN
kamingawan|NN
pamahung-pahong|NN
buhatan|NN
susumatan|NN
pato|NN
uwak|NN
nahunahunaan|NN
manog-banog|NN
lungib|NN
hinkit-an|NN
baying|NN
alat|NN
sayod|NN
burabud|NN
dalugdog|NN
ginikan|NN
rayandayan|NN
lunop|NN
bino|NN
rawis|NN
tun-og|NN
larang|NN
kawit|NN
tinipigan|NN
isdaan|NN
kagutom|NN
pagawas|NN
gamhanan|NN
ilo|NN
panginabuhi|NN
katawo|NN
trigo|NN
kasinahon|NN
katsirak|NN
piniliay|NN
pangiklop|NN
tae|NN
kaburut-on|NN
ayat|NN
laka|NN
pasidungog|NN
kasamok|NN
laktod|NN
halaran|NN
haplas|NN
sulod|NN
linggwahe|NN
harina|NN
abakadahan|NN
panganuron|NN
nati|NN
poder|NN
hangkag|NN
dagku|NN
porsyento|NN
karaunon|NN
moros|NN
makagarahum|NN
pangpang|NN
pusoy|NN
salaming|NN
magsiriday|NN
kaarawdan|NN
utap|NN
kabido|NN
hilo|NN
tulin|NN
aga-aga|NN
agnay|NN
gutom|NN
limukon|NN
polbo|NN
aping|NN
monar|NN
darad-on|NN
kabakyang|NN
layong|NN
kuta|NN
kerida|NN
katubol|NN
inenglis|NN
tadtaran|NN
saliwan|NN
kahagnaan|NN
kalalaki|NN
tapang|NN
urang|NN
pundo|NN
duma|NN
tidaraon|NN
sugod|NN
danyos|NN
murat|NN
ginhigugma|NN
taga-baryo|NN
bilyaran|NN
papliton|NN
mutato|NN
bugsay|NN
kagaw|NN
mangarabay|NN
arom|NN
aw|IJTN
baging|NN
ispat|NN
sug-ang|NN
delubyo|NN
hasler|NN
andana|NN
darag|NN
tulos|NN
ada|IJTN
kapadian|NN
badil|NN
kampilan|NN
hardin|NN
paraghimo|NN
ibaraligya|NN
sityo|NN
kinatsila|NN
kuan|IJTN
matris|NN
gubat|NN
taghoy|NN
tagsurat|NN
ugto|NN
kodigo|NN
manaraya|NN
esposo|NN
hala|IJTN
umang|NN
pakdol|NN
ah|IJTN
mamay|IJTN
ahay|IJTN
atara|IJTN
sugad|VB
siring|VB
lagi|IJTN
basta|IJTN
takay|IJTN
hay|IJTN
baadaw|IJTN
saho|IJTN
weh|IJTN
agi|VB
kaya|VB
ambot|IJTN
sus|IJTN
alang|IJTN
hiyay|IJTN
haroy|IJTN
yaik|IJTN
abaadaw|IJTN
nasiring|VB
upod|VB
harumamay|IJTN
salamat|IJTN
alagad|IJTN
hagi|IJTN
pastilan|IJTN
halagad|IJTN
agidaw|IJTN
tara|VB
nakadto|VB
baya|VB
pagkita|VB
palit|VB
sumiring|VB
kaon|VB
mauli|VB
nakaon|VB
mulay|VB
masiring|VB
yakan|VB
makadto|VB
kumadto|VB
taga|VB
nakita|VB
uli|VB
tagi|VB
nagyakan|VB
pumalit|VB
dara|VB
pagkaon|VB
gamit|VB
mapalit|VB
pakiana|VB
uho|VB
upaya|VB
nagpakiana|VB
kitaa|VB
kadi|VB
bahala|VB
kadto|VB
istorya|VB
kuha|VB
kumita|VB
tikadto|VB
natawa|VB
gawas|VB
nayakan|VB
siniring|VB
marasa|VB
ubos|VB
nakada|VB
pakadi|VB
malakat|VB
umabot|VB
makita|VB
saba|VB
nagsiring|VB
maupod|VB
nakit-an|VB
makadi|VB
pinaagi|VB
tagan|VB
napalit|VB
tawag|VB
hatag|VB
nadiri|VB
baton|VB
balik|VB
tuod|VB
kumaon|VB
nawara|VB
pakadto|VB
nakakita|VB
makaon|VB
tinuod|VB
nagkikita|VB
hinay|VB
mahihimo|VB
buhat|VB
nakuha|VB
nahulog|VB
nagtikang|VB
maabot|VB
makuha|VB
nagkita|VB
kuhaa|VB
nagmumulay|VB
papaliton|VB
dagmit|VB
nahadlok|VB
bumalik|VB
tawa|VB
nakilala|VB
nakanta|VB
pagyakan|VB
mahuram|VB
ikadi|VB
makuan|VB
umuli|VB
lumakat|VB
pagkadto|VB
pili|VB
ginhatag|VB
nakaturog|VB
padayon|VB
nasing|VB
mabulig|VB
nasugad|VB
pangaon|VB
sakay|VB
mabalik|VB
lakat|VB
baba|VB
sayaw|VB
tatagan|VB
mag-aano|VB
magkirita|VB
bubuhaton|VB
gintagan|VB
sumat|VB
mamatay|VB
naging|VB
ginhimo|VB
masulod|VB
pamiling|VB
pag-abot|VB
pag-iwas|VB
paglakat|VB
gamiton|VB
matapos|VB
nalingkod|VB
umagi|VB
masakay|VB
natuod|VB
nawawara|VB
mahilig|VB
utang|VB
makain|VB
paghimo|VB
nag-aano|VB
sinisiring|VB
sumulod|VB
nakadi|VB
paghigugma|VB
dalagan|VB
pag-uli|VB
gumawas|VB
inom|VB
naghatag|VB
naukoy|VB
nahimo|VB
ginbuhat|VB
nakabati|VB
pagkuan|VB
magiging|VB
aanhon|VB
gagamiton|VB
kumuha|VB
nakuan|VB
nakikit-an|VB
mawara|VB
magkikita|VB
ihatag|VB
gindara|VB
mayakan|VB
pagkuha|VB
napakiana|VB
kukuhaon|VB
kitaon|VB
buhaton|VB
kuhaon|VB
tumawag|VB
hulat|VB
tana|VB
ginbubuhat|VB
nagamit|VB
dakop|VB
ginkuha|VB
sidngon|VB
pagsurat|VB
mag-upay|VB
asa|VB
ato|VB
paghatag|VB
pagpalit|VB
maghihimo|VB
makit-an|VB
nangalimot|VB
kinuha|VB
tabok|VB
tawaga|VB
magawas|VB
higugmaon|VB
pagsiring|VB
makakita|VB
sumakay|VB
nahingalimot|VB
naawod|VB
masunod|VB
bubutangan|VB
makikit-an|VB
kumaturog|VB
bumaton|VB
dumaop|VB
mahimo|VB
nahatag|VB
buligi|VB
bumulig|VB
ibutang|VB
mawawara|VB
gintawag|VB
dumalagan|VB
nagyayakan|VB
himo|VB
parigo|VB
nakikita|VB
magkita|VB
lingkod|VB
hihimuon|VB
namamati|VB
kahadlok|VB
nabati|VB
nagtext|VB
karigo|VB
naghuhulat|VB
magyakan|VB
nasulod|VB
kapot|VB
naghimo|VB
nabaro|VB
ginagamit|VB
pitad|VB
lumingkod|VB
masugad|VB
nagtitikang|VB
ihahatag|VB
suagara|VB
umupod|VB
nauna|VB
makanta|VB
tagay|VB
maubos|VB
nagkuan|VB
ipakita|VB
naabat|VB
nagawas|VB
pinakadto|VB
pagdara|VB
umulpot|VB
naangay|VB
higot|VB
pagmata|VB
padara|VB
nagkukuri|VB
hapit|VB
nabatian|VB
panguli|VB
tipakadto|VB
pinalit|VB
tuman|VB
matawa|VB
maaro|VB
nauli|VB
mapatay|VB
naagi|VB
saka|VB
nagsusurat|VB
nagkikinita|VB
kamatay|VB
kapti|VB
magmumulay|VB
ibalik|VB
ginhihimo|VB
paggamit|VB
paggawas|VB
himuon|VB
makada|VB
nalakat|VB
babayaan|VB
makikita|VB
tima|VB
binuhat|VB
pagbulig|VB
nabuhi|VB
ginpalit|VB
mainom|VB
halo|VB
pagbasa|VB
mangaon|VB
nakanhi|VB
ukoy|VB
nahibaro|VB
umaro|VB
dumako|VB
higugma|VB
butangan|VB
papalita|VB
pagkinita|VB
namamatron|VB
magdadara|VB
pasagdi|VB
napausa|VB
matuod|VB
magluluto|VB
mahatag|VB
pag-eskwela|VB
makakadto|VB
naglalaba|VB
maghimo|VB
dad-a|VB
nabulig|VB
nabaton|VB
buligan|VB
nakarawat|VB
pagtikang|VB
nagmulay|VB
lusad|VB
maigo|VB
ubusa|VB
panhatag|VB
nangaon|VB
lupad|VB
magamit|VB
natabo|VB
butangi|VB
naigo|VB
mauna|VB
naiha|VB
sumunod|VB
mapakiana|VB
kumanhi|VB
nagmata|VB
namimiling|VB
gin-ngaranan|VB
naaro|VB
hulta|VB
nangangalas|VB
tikadi|VB
pag-ukoy|VB
nganga|VB
pagsulod|VB
natapos|VB
magsusurat|VB
yumakan|VB
kumanta|VB
pabay-i|VB
nakapot|VB
ginbutang|VB
makukuha|VB
sumakob|VB
yinaknan|VB
matuman|VB
makanhi|VB
nagpadayon|VB
palita|VB
kinadto|VB
nagpapakita|VB
pagbaton|VB
kumadi|VB
nagdara|VB
naruyag|VB
matatapos|VB
nainom|VB
ginbibiling|VB
nabayad|VB
magsiring|VB
siplat|VB
masasabtan|VB
nangangaon|VB
magtitikang|VB
pinili|VB
nagpahayag|VB
maagi|VB
naghihimo|VB
naduroy|VB
abri|VB
bilin|VB
libot|VB
harok|VB
magdara|VB
pasalamat|VB
naayon|VB
pag-agi|VB
mabuhi|VB
kikitaon|VB
maglalaba|VB
naglalakat|VB
hinupit|VB
lakip|VB
pakabati|VB
magtikang|VB
nagsumat|VB
makapalit|VB
mangangaon|VB
nakasabot|VB
kuana|VB
nakasurat|VB
dadad-on|VB
nagkaada|VB
gintatawag|VB
nahigda|VB
naruruyag|VB
pasakya|VB
pagluto|VB
bayaan|VB
masayaw|VB
tinatawag|VB
ighahatag|VB
mahuman|VB
kinaon|VB
nag-istorya|VB
ginugutom|VB
mapasakay|VB
ginyakan|VB
nababatian|VB
updi|VB
naghahatag|VB
maghatag|VB
umukoy|VB
pagbayad|VB
maano|VB
ginsiring|VB
paglaba|VB
pagbutang|VB
pangaturog|VB
ginkadto|VB
napili|VB
pagsumat|VB
hinimo|VB
nadara|VB
natikang|VB
nasabot|VB
basura|VB
maghahatag|VB
nagsaad|VB
pagpasa|VB
nagbabaligya|VB
nagkamay-ada|VB
matikang|VB
pagtutdo|VB
nalipay|VB
ginbayaan|VB
tawagon|VB
igkadi|VB
magkaada|VB
nakakakita|VB
nahuram|VB
naawa|VB
nakabutang|VB
inabot|VB
makabulig|VB
pag-ulpot|VB
nagbayad|VB
nagdadara|VB
matagan|VB
pagbisita|VB
masisiring|VB
pagpakita|VB
paglinakat|VB
gintikangan|VB
inabat|VB
sinurat|VB
ginkikinahanglan|VB
sumati|VB
tumugot|VB
ginbutangan|VB
nagtinuok|VB
sidnga|VB
nanganak|VB
bumuhat|VB
ginkita|VB
paghinay|VB
nasugot|VB
hunong|VB
bubuligan|VB
nakatawa|VB
nakakuha|VB
kadtuon|VB
mag-upod|VB
bulyas|VB
ginsisiring|VB
iban|VB
pagtapod|VB
ginkaptan|VB
nagpapasalamat|VB
makauli|VB
kinahanglanon|VB
nawarayan|VB
nagyiyinakan|VB
nabalik|VB
sinugad|VB
pag-iha|VB
tinawag|VB
nalibot|VB
magkuan|VB
paniguro|VB
reklamo|VB
matugot|VB
nababaraka|VB
abre|VB
paliton|VB
patayon|VB
pakianhan|VB
mamimiling|VB
masusugad|VB
gilayon|VB
paglabay|VB
kasiring|VB
makabati|VB
nakapalit|VB
magsurat|VB
lumupad|VB
pag-andam|VB
itext|VB
ginsugad|VB
sisigngon|VB
umundang|VB
mamiling|VB
natapod|VB
nagpakita|VB
nagtitinuok|VB
nakakarawat|VB
naupod|VB
karawat|VB
tumuod|VB
natukdaw|VB
babalyuan|VB
makasabot|VB
inupod|VB
namiling|VB
pagtrabaho|VB
iginhatag|VB
napakadto|VB
nagtratrabaho|VB
pangadi|VB
ginlalauman|VB
gumamit|VB
tukar|VB
maukoy|VB
kalma|VB
nahigugma|VB
maintindihan|VB
makasakay|VB
mabuligan|VB
ginsumatan|VB
kinikita|VB
ginpakianhan|VB
nagkakagawas|VB
ginatatagan|VB
bubuhat|VB
kaunon|VB
magtrabaho|VB
natrabaho|VB
nangangaturog|VB
nagpasalamat|VB
makakaon|VB
gintawagan|VB
nagtawag|VB
dad-on|VB
tinagan|VB
pag-aram|VB
malusad|VB
nagbuhat|VB
nanhugas|VB
bumisita|VB
kinilala|VB
nalilipay|VB
binubuhat|VB
maghuhulat|VB
bumalhin|VB
ginawas|VB
ngumisi|VB
kakaunon|VB
manlilibre|VB
makarawat|VB
pagpasalamat|VB
hinatag|VB
ginkaon|VB
huhulat|VB
pag-ampo|VB
naatubang|VB
nabubuhi|VB
ginbuligan|VB
paghunahuna|VB
duon|VB
binaton|VB
rayhak|VB
gora|VB
ihinatag|VB
mapakadto|VB
panlimpyo|VB
pagtapo|VB
kumuan|VB
lingi|VB
nasina|VB
ginpapalit|VB
pagyinakan|VB
natawo|VB
ginpatay|VB
pagdayaw|VB
duyog|VB
buhata|VB
napakita|VB
panguha|VB
tibway|VB
nakaagi|VB
papatayon|VB
mabaton|VB
higda|VB
linakat|VB
kain|VB
pagbaya|VB
ighatag|VB
mahulat|VB
makakarawat|VB
magkamay-ada|VB
nangaro|VB
ginbaton|VB
tikangan|VB
nag-anak|VB
nagbubuhat|VB
ibinutang|VB
pagbantay|VB
tinatagan|VB
sinulod|VB
pagsiday|VB
nailiw|VB
binayaan|VB
pagparade|VB
makahimo|VB
dadlagan|VB
nagpapadayon|VB
bulaga|VB
hunahuna-a|VB
sagot|VB
magraot|VB
nagdugang|VB
nagkalakat|VB
iginbutang|VB
naghulat|VB
ginbiling|VB
nagpasabot|VB
napatay|VB
lapid|VB
pagbubuhaton|VB
pagkilala|VB
nakapira|VB
masurat|VB
bagaw|VB
pagsaysay|VB
tuhaya|VB
pina-agi|VB
inuli|VB
nanginginyupo|VB
among|VB
ginbibiniling|VB
hubo|VB
makakahimo|VB
umutang|VB
iginpadara|VB
masige|VB
mahahatag|VB
hulton|VB
nagbibiling|VB
kirigta|VB
nag-ukoy|VB
iginsumat|VB
dinalagan|VB
na-shock|VB
nasunog|VB
pag-inom|VB
idurayhag|VB
inukoy|VB
sarado|VB
amin|VB
pakahulat|VB
huhulaton|VB
magbuhat|VB
lingi-a|VB
dinako|VB
hinbatian|VB
lubas|VB
iginbaligya|VB
ginduok|VB
mapirde|VB
hin-again|VB
magbiling|VB
pagkirigta|VB
bilib|VB
pagdatong|VB
naghadi|VB
namamasko|VB
nag-inom|VB
buliga|VB
ginkinita|VB
bati-a|VB
suguon|VB
kapot-kapot|VB
nagburod|VB
magbibiling|VB
linambong|VB
natuman|VB
nahulat|VB
humana|VB
huhuna-hunaon|VB
nagkukuha|VB
pagpasarang|VB
pagsumati|VB
pautanga|VB
kinanta|VB
natutdo|VB
iginyakan|VB
dad-i|VB
nagdako|VB
pupusilon|VB
dumiretso|VB
tumuok|VB
nagtindog|VB
ginsaway|VB
nagtitikamahal|VB
pakilala|VB
gin-inobserbahan|VB
magkikirigta|VB
kita-kita|VB
pataka|VB
makaagi|VB
nagbiling|VB
ginpapakadto|VB
paghingyap|VB
nag-upod|VB
pag-alang|VB
kinanhi|VB
pinatay|VB
dinara|VB
ginkanta|VB
igin-anak|VB
pautang|VB
iglubong|VB
itinubyan|VB
baya-i|VB
nagkatatawo|VB
gin-ubos|VB
pinan-gugutom|VB
baa|IDEX
ginkikilala|VB
kakarag|VB
pakadia|VB
tumikang|VB
takas|VB
pag-aanhon|VB
dakop-dakopay|VB
higugmaay|VB
ata|IDEX
yinukbo|VB
ilista|VB
pusila|VB
maghulat|VB
inutang|VB
ginsaad|VB
ginpakadto|VB
pagbuhat|VB
kumusta|IDEX
naka|AFX
maka|AFX
pinaka|AFX
nagka|AFX
igkasi|AFX
tukod|VB
paagi-a|VB
i-uli|VB
alayon|IDEX
tag|AFX
paki|AFX
mala|AFX
nakikig|AFX
maki|AFX
tika|AFX
palusada|VB
sabagay|IDEX
ugsa|PSTN
paano|NTRG
natika|AFX
tig|AFX
nagpaka|AFX
nakakag|AFX
magkukuha|VB
kaawod|VB
ngalaong|IDEX
baw-baw|PSTN
paunan-o|NTRG
mabug-at|ADJV
hilarom|ADJV
bakante|ADJV
eksakto|ADJV
nadadangas|VB
papakiana|VB
kunsi|IDEX
maiihap|ADJV
nadiretso|VB
nagbagsak|VB
hanhani|ADVB
dali-dali|ADVB
agsob|ADVB
﻿amon|NN
Jeremy|NN
Evardone|NN
Ingko|NN
sirom|MDFR
am|CJTN
Ditoy|NN
nakasakay|MDFR
kangga|NN
gindadanas|VB
napiyong|VB
kundi|CJTN
nangungulaw|VB
direksyon|DT
mo|NN
makulwan|VB
lampara|NN
bablay|NN
hagluag|MDFR
pasakay|VB
napuputos|VB
kasisidman|MDFR
mababatian|VB
mao|IJTN
hururingay|VB
lanyog|DT
di|CJTN
pagginhawa|VB
panlagapok|VB
martilyo|NN
baryohanon|NN
panday|NN
nagtatrabaho|VB
nag-aapura|VB
lungon|DT
tipauli|VB
nagrurumba|VB
hunahuna|MDFR
arog|NN
posible|IJTN
sinurender|DT
paraghubog|NN
Tatay|NN
tibihon|MDFR
Nanay|NN
simang|MDFR
Manding|NN
paragturi|NN
purya|MDFR
sira|MDFR
diyos|NN
nahinumdom|VB
ginsugo|VB
sobre|NN
pakahaw-as|VB
namon|NN
hinumdom|VB
nahinabo|VB
engkwentro|VB
ginhihimuan|VB
nakikimaluoy|DT
kabugtuan|NN
siya|NN
nagdedepensa|VB
ulitawuhay|NN
bugoy|NN
Totoy|NN
nagrumba|VB
siki|NN
piktaw|CJTN
panlagabong|VB
hiwa|DT
nakikidurongan|DT
nagtitikadako|VB
nasasabtan|DT
kulba|MDFR
gin-abat|MDFR
ito|CJTN
raysang|NN
ginmamartilyo|VB
nagtatabas|VB
maihap|NMBR
iginkakatapo|MDFR
palabas|NN
higante|NN
sinehan|NN
pag-inupod|DT
pinakasuok|DT
eksena|VB
ngadto|DT
pulgadas|DT
ginmamaso|VB
nakukulwan|VB
napara|DT
abat|DT
nanunuro|MDFR
hulas|MDFR
muhog|NN
rapadapa|NN
kilometro|DT
malurulaksi|MDFR
nakakabukod|VB
ulaling|IJTN
nagliliwat|VB
tingala|DT
tungod|MDFR
pag-apura|VB
ig|CJTN
masirom-sirom|MDFR
nagdidinalagan|VB
ginbubukod|VB
ako|NN
laksi|CJTN
iginpapalid|VB
gindadalaganan|VB
mahigimata|VB
sikhan|DT
kirisaw-kisaw|VB
bale-wara|MDFR
nagpapaphados|VB
pakasampaw|DT
welcome|CJTN
pagdalagan|VB
nakakaagaw|VB
atensyon|VB
maribhong|DT
mahuyo|VB
harampang|VB
burutbotan|IJTN
nakaagaw|VB
kawara|VB
sirado|VB
tindahan—temprano|PNN
alas-siyete|VB
ginhanap|VB
gintitikangan|VB
lakaw|DT
gulpi|DT
banog-banog|NN
nakahigot|VB
naghuhuyop|VB
nagdidikta|VB
liniko|VB
kanto|DT
kunay|DT
kanra|DT
ban-oha|DT
diniretso|VB
kara|IJTN
paghinangos-hangos|VB
pagtinulon|VB
paghinurim-hurim|VB
nakakabati|VB
liningi|VB
pan-grade|VB
nangangatugbos|VB
tagliligid|DT
maaning-ing|PNN
inagi|VB
hall|NN
unipormado|DT
haglaba|DT
nakapalibot|DT
duda|DT
nagsuot|VB
naghababaw|DT
nagdalapurap|VB
nagsasalwak|VB
gintadong|DT
kataposan|DT
haligot|DT
kalye|NN
nahimumutangan|DT
hinangad|VB
kapilya|NN
bulod|PNN
armado|NN
didto|MDFR
nakapalaypay|VB
uniporme|NN
kaldero|NN
naglalarab|VB
haring|VB
sini|IJTN
nagyayagingying|DT
nanhahagurong|VB
pag-abat|DT
nagtitiglaksi|IJTN
nagtitigkusog|VB
higripid|DT
deputa|IJTN
otro|DT
paguliat|VB
ginban-o|DT
iginlulupad|VB
pakaliko|VB
nakulwan|VB
gidadamo-i|DT
tawo—haros|PNN
baryohanon—nga|NN
nagsasarang|VB
hawan|VB
masuna|MDFR
petromax|NN
nagtatangis|VB
naguliat|VB
naghihibi|VB
nagtitigharani|MDFR
ginpapakianhan|VB
ginpapansin|VB
nalilibang|VB
pagpinanmahik|MDFR
nangungusyoso|VB
nagtitigdagko|VB
matangpos|DT
takop|NN
panangis|VB
nalandaw|DT
pagnguyngoy|VB
inse|NN
maring|NN
naluhod|VB
nagbabakho|VB
tupad|DT
minatay|VB
gintahoban|DT
presko|DT
dahon|NN
iton|CJTN
gintatangisan|VB
siton|IJTN
puyde|IJTN
nanhuhupong|VB
ginkukurog|VB
tuo|IJTN
nagyuyopyop|VB
wala|IJTN
pulo|NN
kanya|MDFR
kupsan|DT
nahutok|MDFR
tingog-tingog|MDFR
ginkakaistorya|VB
mataba|NN
nagtitiglubad|CJTN
nagiginsayo|CJTN
nakakabungol|VB
hagurong|VB
nalutaw|VB
kalaksihon|DT
pagduok|DT
sentro|NN
kasamokan|VB
kagupongan|DT
linuhod|DT
gindawag|MDFR
ug|CJTN
nakataklob|MDFR
nahingaratan|MDFR
ginkinulawan|VB
nahudaday|MDFR
pakaluhod|VB
naaning-ing|MDFR
natugbos|MDFR
nagtitinangis|VB
nagsasalakot|MDFR
kahiyok|MDFR
masurub-on|MDFR
makilal-an|MDFR
ini—si|IJTN
ginhigop|VB
kapiniton|MDFR
harupoy|MDFR
tipailarom|MDFR
nagmamala-salo|VB
nagtatalibong|CJTN
kalibotan|NN
kapulgada|MDFR
gin-alsa|VB
taklob|VB
kahimo|NN
gindimalas|VB
nasiplatan|VB
kahimo—duguan|MDFR
buklad|VB
laylay|MDFR
luho|MDFR
nagmingaw|VB
nagin|MDFR
kahoynon|VB
retold|MDFR
mike|NN
kahano|MDFR
olot|NN
tolosa|IJTN
leyte|NN
dida|PNN
da|IJTN
ginuusa|DT
nauusa|DT
kadidismayo|VB
babaye|NN
nabisita|VB
intra|DT
aton|IJTN
nadidismayo|VB
nasumatan|VB
hito|DT
gin-uusa|NMBR
napakada|DT
it|IJTN
nalilinop|VB
karigumok|VB
nausa|VB
kaiha-iha|VB
baman|IJTN
mag-itom-itom|NN
makaradlok|VB
itsura|NN
ay|IJTN
asus|IJTN
naghihilawas|VB
pagkasunod|NMBR
mag-anak|NN
hin|IJTN
mabusag-busag|NN
susupo|DT
magraksot|DT
magbusag-busag|DT
kahuman|CJTN
maitom-itom|DT
amerikano|NN
paggios|VB
nauusahan|VB
gin-oobserbahan|VB
daragkopay|VB
biling-biling|VB
mapaso-paso|VB
duro|IJTN
hiton|IJTN
maestro|NN
maestra|NN
nababantog|VB
itom|NN
lalaki…|NN
nag-obserbar|DT
huron|DT
in|IJTN
gin-iinusa|DT
kalalaksi|DT
nagpapamalagpak|DT
pag|IJTN
ginsisilawan|DT
nagresearch|VB
tacloban|NN
albino|NN
hit|IJTN
inin|IJTN
kanan…|IJTN
engkanto|NN
inheritance|DT
unta|IJTN
n|IJTN
talya|NN
ala|IJTN
magbusag|MDFR
kagurangan|NN
nagtap-ong|VB
untidy|DT
ginngaran|NN
igintreat|VB
encyclopedia|NN
nakakaribok|VB
harupihap|VB
jessa|NN
fe|NN
camolo|NN
pangidarunhiya|DT
tilaw|DT
karat-an|DT
pala|IJTN
kadugayan|IJTN
nakigbisug|DT
kasakit|DT
mapahirayu|MDFR
gihapun|CJTN
nag|CJTN
tinuok|DT
balhasun|MDFR
kasulob-un|MDFR
nala|CJTN
gin|CJTN
takpan|DT
nakig|CJTN
susru-ukay|VB
baga-baga|PNN
mimiling|PNN
kahimyang|PNN
gusto|DT
makaptan|DT
tas|CJTN
tanggalun|VB
kasulub-un|MDFR
pangidarun|DT
terapista|NN
edukado|NN
panyakan|MDFR
mag|CJTN
unong|CJTN
pagka|CJTN
hirani|DT
suki|DT
nan|CJTN
ngungukoy|MDFR
kahirani-an|MDFR
bulag|VB
iristuryahun|VB
panhilawas|VB
silaw|VB
harapit|DT
pagsulay|DT
labi|DT
kalalaki-an|NN
emosyunal|VB
iibaan|NMBR
dawla|CJTN
adtu|CJTN
kasayun|MDFR
pagkaput|VB
pagkakumportabli|MDFR
sustudad|MDFR
kairidad|MDFR
nakikipag|CJTN
ugupay|MDFR
pagwara|MDFR
kadilikaduhan|MDFR
tak|CJTN
babayepaunan-o|IJTN
libangan|MDFR
narespeto|MDFR
katub|MDFR
tuban|MDFR
tala-amay|NN
nagpaki-ana|VB
puydi|CJTN
mahilot|MDFR
hilot|MDFR
buko-buko|NN
sugbong|MDFR
naaru|MDFR
pasaylu|MDFR
akun|NN
pagkawaragin|MDFR
isplekar|VB
internasyunal|NN
back|DT
rubbing|NN
finals|DT
ika|CJTN
makuri|VB
pirdihun|MDFR
paghihirot|MDFR
anakigin|MDFR
pakigkuntisayigin|MDFR
isturya|VB
antique|NN
asian|NN
iniskuyla|MDFR
nagud|CJTN
pang-artihiya|MDFR
panhilot|VB
baltuk|MDFR
iisplikar|VB
hadtu|CJTN
igin|CJTN
pakita|MDFR
didtu|MDFR
sayud|MDFR
b|IJTN
nak|IJTN
turkey|NN
kabata|PNN
sumayaw|VB
belly|NN
dancing|VB
hinin|MDFR
hiyan|CJTN
antigo|MDFR
pagpabalud-balud|MDFR
fluid|MDFR
motionngan|MDFR
nagsasangpit|VB
kabug-usan|MDFR
nakakapandara|MDFR
nagn|CJTN
kaka|CJTN
gudsamtang|CJTN
haharupihap|VB
bungkog|VB
nanhipanhuyo|VB
nahingada|MDFR
siyahan|NMBR
was|MDFR
a|IJTN
baby|NN
isplikar|MDFR
nipis|PNN
hikap|VB
puya|MDFR
hamut|MDFR
kaparehu|MDFR
mahumok|VB
gi|CJTN
huhumuki|VB
makakagsumat|VB
kamatuoran|MDFR
hibabru|MDFR
anan|CJTN
nahinumduman|VB
nagtutubo|MDFR
napamalandungan|VB
nagtutdo|CJTN
unung|CJTN
malipayun|DT
paraghilot|VB
kag|CJTN
anyus|MDFR
pag-unat|CJTN
kalugaringun|MDFR
pagpirit|VB
ngadtu|VB
kaidaran|MDFR
nangadi|MDFR
nahangadi|MDFR
kapaladun|MDFR
natagamtaman|VB
hi-unung|CJTN
amyaw|MDFR
yvonne|NN
esperas|VB
mag-tiayon|VB
pirmi|CJTN
temprano|VB
makalanat|VB
gin-aabangan|VB
drama|VB
telebisyon|NN
eredera|NN
kaihaan|MDFR
nadiskubre|VB
bida|NN
natalwas|MDFR
pagkuri|CJTN
kawarayan|MDFR
katapus-tapusan|DT
nakatagamtam|DT
gihapon|CJTN
kasadangan|MDFR
subaybayan|MDFR
modelo|NN
paglaum|M
nangangalansing|VB
plato|NN
gin-aapurahan|VB
paghugasi|VB
ceding|NN
bagting|VB
nagpapasabot|VB
banlawi|VB
kinaonan|MDFR
nagdali|CJTN
jose|NN
pagkagawas|MDFR
pumuwesto|MDFR
tabla|NN
tv|NN
rico|NN
isabel|NN
nakakapalit|VB
kanihanglanon|MDFR
muebles|NN
appliances|NN
magririko|MDFR
kita|MDFR
sinasabot|VB
maangkon|MDFR
karikohan|MDFR
refrigerator|NN
pabrika|NN
hulugan|MDFR
malabo|MDFR
boundary|NN
usahay|MDFR
kaadlaw|MDFR
nakakalabaw|MDFR
igbarayad|MDFR
makakasadang|MDFR
senemana|VB
napliti|MDFR
nasusobra|MDFR
pambayad|DT
igparalit|DT
makatipid|MDFR
nagbubon|VB
panhugas|VB
pagkarigo|VB
panlaba|VB
nanmamahuway|VB
nahingadayan|MDFR
kaswerte|MDFR
kompleto|DT
flat|DT
screen|NN
3d|DT
ginkain|MDFR
gin-gagamit|MDFR
panalagsa|MDFR
lugoddiri|CJTN
iiliwon|MDFR
nag-iinintrimis|MDFR
seryoso|DT
iyawat|DT
makasamok|MDFR
at|CJTN
hisabtan|MDFR
kadaan|MDFR
sakot|MDFR
intrimis|MDFR
tambayan|MDFR
mangangalakat|MDFR
pagbakasyon|MDFR
mabubur-ok|DT
higagamitan|DT
nangalakat|VB
estados|MDFR
unidos|MDFR
nakapanhunahuna|VB
magtiayon|VB
magpahalibway|MDFR
suhito|MDFR
mercedes|MDFR
makasulod|MDFR
pader|NN
mayda|MDFR
nasasaklangn|VB
makatabok|MDFR
nagpatakas|MDFR
sabado|MDFR
domingo|MDFR
nagpapahalibway|MDFR
nag-inom-inom|MDFR
sumsuman|VB
ginhunahuna|MDFR
wine|NN
gintatagay|VB
olives|NN
cheese|NN
pagtatagay|VB
gin-iisa|NN
ginpapagrapo|MDFR
paghundaray|MDFR
mahangin|MDFR
nahipadpad|MDFR
nahihingaturog|VB
gawi|VB
nagdul-ong|MDFR
linabhan|MDFR
uruistoryahan|MDFR
agaron|VB
igpatong|MDFR
daan-daanan|VB
piktyur|VB
sukot|MDFR
nagtitirok|VB
misis|NN
maibanan|MDFR
junk|NN
pagpulsan|MDFR
maganansya|VB
igbaligya|VB
ig-upod|MDFR
namamalit|MDFR
igpapatong|MDFR
mister|NN
nagsumbong|MDFR
cedingkan|MDFR
pinanlumawan|MDFR
nanganugon|NN
nagdesisyon|VB
kawaton|VB
mahibaligya|MDFR
bang|CJTN
hidakpan|VB
magkapripriso|MDFR
matiempo|MDFR
ginhiningyapon|MDFR
kumusog|VB
kaburot-onumulpot|VB
transistor|MDFR
'da|IJTN
napapamatian|MDFR
notisya|MDFR
humagos|VB
makapukan|MDFR
huyop|VB
pag-alimbukad|VB
pagpareserba|VB
hotel|NN
nangagbalhin|VB
evacuation|NN
centers|NN
nangungukoy|VB
palantad|VB
pagbalhin|VB
kabutngaan|NN
naluluyo|CJTN
nahunahuna|MDFR
masasalipdan|MDFR
pagsabot|MDFR
tiyempo|MDFR
mahipapatuman|CJTN
pag-angkon|CJTN
nahibaroan|CJTN
condominium|NN
manila|NN
ngada|CJTN
nagmiringaw|VB
ubsa|MDFR
kabarak-an|MDFR
higayon|DT
karuyagon|DT
nanipig|VB
nagbutang|MDFR
pampabug-at|MDFR
atop|NN
nagpanhimati-bati|CJTN
nagplano|VB
panipig|VB
kakawaton|VB
pagtaklap|MDFR
pangawat|VB
masurosubasko|DT
nagmimiringaw|MDFR
katilingban|MDFR
ginputos|VB
cellophane|NN
manhingaturog|VB
nagpinanginano|VB
patak|MDFR
napanhibati-bati|MDFR
lambos|MDFR
nagtikakusog|VB
burong|IJTN
ginsusukwat|VB
ginlilinuab|VB
nakakapanerbiyos|IJTN
paglasorbo|VB
nangangaradol|VB
nagkakalupad|VB
natuklap|MDFR
nalisang|PNN
pagsirong|PNN
lamisa|NN
kinawat|MDFR
gin-upay|MDFR
umalimbukad|MDFR
nagkalilisang|MDFR
panuntong|MDFR
lababo|NN
makaiwas|DT
masalbar|MDFR
nagtitikahitaas|CJTN
naglagidlid|MDFR
tagasugbong|MDFR
nagsaklang|VB
nangalab-itay|CJTN
tisaka|IJTN
azotea|NN
igbos|CJTN
hipalid|VB
patawara|MDFR
naukab|MDFR
nagkabub-ong|MDFR
purtahan|NN
nanulod|VB
magkaiigo|VB
iginpapanlupag|MDFR
sim|NN
humitaas|DT
lampas|DT
nagpinangadi|VB
nagpinanginyupo|VB
humugpoy|MDFR
ginpamatian|MDFR
ampo|VB
humubas|MDFR
nagbilin|MDFR
hanang|DT
nasantop|DT
ginsakban|DT
kompyuter|NN
component|MDFR
katre|NN
nahulos|PNN
naghurugaw|PNN
aparador|NN
purta|NN
nagkahuhulos|MDFR
lumusad|MDFR
natigdaan|MDFR
labis|DT
mamutaw-i|CJTN
kamaupay|MDFR
naputos|PNN
nahin|CJTN
lapok|DT
garahe|NN
nabitay|DT
bungbong|NN
hanangon|MDFR
dumuaw|DT
nangurog|VB
nahisalin|MDFR
nahilaprak|VB
hikit-i|CJTN
gunitan|VB
makakaptan|VB
humangkop|VB
hangkop|MDFR
pag-asawa|VB
hingpit|CJTN
bumul-iw|CJTN
magkakamay-ada|MDFR
pag-asoy|MDFR
kumurukusog|CJTN
paghangkop|MDFR
nanlubog|DT
pangitaan|CJTN
bayhon|DT
rosa|NN
author|NN
lyndel|NN
lauron|NN
bacsal|NN
dionelo|NN
naton|DT
naihahatag|VB
amu|IJTN
maihatag|MDFR
kenney|NN
pasyente|NN
nagbibinalik|VB
pagtambal|VB
colon|NN
canser|NN
nagsarang|DT
kalawasan|NN
retirado|MDFR
namamahala|NN
hani|CJTN
establisyimento|MDFR
kawalo|NMBR
kag-|CJTN
pangidaron|NMBR
balomaaram|IJTN
–iiha|CJTN
pumahuway|MDFR
kadayunan|MDFR
gudla|CJTN
mapasu|VB
ngatanan|DT
hinu|CJTN
kuwarto|NN
maski|CJTN
siplatan|DT
uloamo|CJTN
tam|CJTN
kadak-|CJTN
manggod|CJTN
dayuday|MDFR
mapuypoy|MDFR
nababag|MDFR
kinaiya|DT
pamatasannaguguliatan|MDFR
naiisgan|VB
kuwartoini|VB
kahimtan|MDFR
nahigaraan|MDFR
nurse|NN
kamioo|CJTN
salta|MDFR
ospitaldida|NN
hiruhimangraw|MDFR
aburidu|VB
ngatanankaruyag|VB
bantayan|MDFR
nurses|NN
ugaring|CJTN
ginpapakita|MDFR
ginlalabog|VB
magkadirudilain|PNN
mahikaptan|VB
nagbabantay|MDFR
damu|CJTN
emergency|VB
room|NN
pagpinasaway|VB
tambalon|VB
anu|CJTN
taluhon|MDFR
kaptan|VB
bulngon|MDFR
naatoamu|CJTN
nagpinanlabog|VB
mahikaptanharos|CJTN
kag-usa|MDFR
my|CJTN
binubuhatdaku|VB
pakapirhuwesyo|VB
kabudlay|MDFR
iyatungod|CJTN
nailob|MDFR
kangalas|VB
ginyaknan|VB
imu|DT
kmi|DT
nakakasulay|VB
pasyentenagkakahahadlok|MDFR
imo|DT
magtingol|VB
kennet|NN
ginpapalingkod|VB
kama|NN
madaliay|MDFR
paglingkod|VB
kinabuhinagyakan|MDFR
manla|MDFR
nakakasabot|MDFR
paghiling|VB
pagtimangraw|MDFR
batunon|MDFR
kenny|NN
peru|PNN
nagpipirit|VB
nakadtu|MDFR
kabaysay|DT
makakatupong|DT
hin-onamimingaw|MDFR
nahingangalimtan|MDFR
tim-us|MDFR
sanu|DT
naharok|VB
akonmaski|CJTN
nahitabu|VB
pagharok|VB
ginkakamingaw|MDFR
naluoy|MDFR
pag-istoryahe|VB
otru|CJTN
ginoo|NN
maipadayon|MDFR
nagtuok|VB
tumuru|DT
matahi|DT
tumalikod|DT
kadayunanginkaptan|VB
kamut|NN
pasensiya|MDFR
tim|CJTN
nalulurong|PNN
mag-iiha|MDFR
kinabuhikaruyag|MDFR
makaupod|DT
mamati|VB
pagtimangnu|VB
babari|VB
ginbibinuhat|VB
pagtitinalinguha|MDFR
gin-iinandam|MDFR
tambal|DT
joseph|NN
makurian|MDFR
sakitkahuman|CJTN
pagbinulong|VB
puwede|CJTN
pabor|DT
kunano|MDFR
adtonga|CJTN
sumandig|VB
sano|MDFR
ginhahatag|VB
akonha|MDFR
ginkupkupan|VB
ginharukan|VB
katrabaho|DT
namatay|VB
gab-isugad|CJTN
yanangan|MDFR
pagtagi|MDFR
rosatinuod|CJTN
kakusog|VB
nahihimu|MDFR
tagsamaupay|CJTN
napapabulag|MDFR
maria|NN
teresa|NN
l|NN
delima|NN
twiiit|IJTN
araba|VB
lito|NN
nagpabulig|VB
ginsulod|VB
kurungan|MDFR
gintubungan|VB
ginpa-inom|VB
paghagos|MDFR
kasemana…|CJTN
twit|IJTN
kamalipayon|MDFR
gin-abrihan|MDFR
hirayo|MDFR
tagil-aw|MDFR
anita|NN
christine|NN
macale|NN
nanlalapdos|VB
paa|NN
uyo|DT
naghuhubas|VB
ginsasaog|VB
baloto|NN
kahibabwan|MDFR
gaod|NN
tood|NN
napungdol|VB
pagsiwak|MDFR
pagsirom|MDFR
sinyales|MDFR
katunaan|NN
magpuon|MDFR
panagat|DT
lawud|MDFR
mapuno|MDFR
balahoy|MDFR
hawak|NN
manlalara|DT
ubod|NN
kulabutan|MDFR
guliat|VB
grade|DT
four|NMBR
dodoy|NN
nagdadalagan|VB
natapo|MDFR
pagliliwan|VB
im|CJTN
uniform|NN
saway|DT
spelling|DT
panhambog|MDFR
sawang|NN
ice|NN
cream|NN
kundisyon|MDFR
nakaka|CJTN
iskuylahan|NN
kadisgrasya|VB
nasakay|VB
habal|NN
naliwat|MDFR
mangalayon|MDFR
ginbuwaan|MDFR
manghud|NN
magpinakiana|VB
uy|IJTN
aragmot|VB
napaid|MDFR
kamutangan|MDFR
magkaupod|MDFR
himu-i|MDFR
manugbanog|NN
hangyo|MDFR
nahuman|MDFR
nasiha|MDFR
pinakahataas|DT
masambog|MDFR
bagakay|NN
gingamit|CJTN
nagsisirom|MDFR
dulom|MDFR
nalilisang|VB
ginbul-iwan|VB
pisi|NN
aaraba|VB
sinangit|VB
natudlok|VB
sinangitan|VB
aaningal|VB
nahibalik|MDFR
sinundan|VB
pagsudsod|VB
natatap-ukan|VB
bitbit|VB
magpadis|MDFR
kipay|NN
dupa|MDFR
pana|NN
natarap|VB
nylon|NN
sumangit|MDFR
tarom|MDFR
lumunay|MDFR
gindaraon|VB
raymond|NN
hihimuan|MDFR
ikaw|NN
manggud|CJTN
uyas|VB
sasangitan|VB
pinanngutod|VB
madulom|MDFR
ginkinitaan|VB
nahipapalid|VB
iginwoworos|VB
panganod|MDFR
halot|MDFR
katuig|DT
nakakalabay|MDFR
halu-ag|DT
palupdan|VB
manugbanug|NN
pagdarudalaganan|VB
sisikalan|MDFR
pagdumot|MDFR
abrihan|VB
kapuno|MDFR
umatubang|VB
nagtatagil-aw|MDFR
mitoy|NN
kugus-kugus|VB
makoy|NN
tapu|VB
kamu|MDFR
dumiritso|MDFR
katri|NN
pahigda|MDFR
kakaturog|VB
maiwas|MDFR
nahipausa|MDFR
nakagyakan|VB
sunud-sunud|MDFR
tritrinabaho|VB
diba|CJTN
nagpromise|VB
nakakakaon|VB
beses|CJTN
us|PNN
aka|IJTN
pagsugad|MDFR
tumukdaw|VB
nagistorya|VB
kita-a|CJTN
renta|MDFR
paragwelding|VB
masadang|MDFR
gagamay|MDFR
nakakapanginano|VB
bag|NN
maguguba|VB
titinawaan|VB
klasmit|NN
hayskul|MDFR
makakapalit|MDFR
nahinabu|MDFR
padugang|MDFR
ambisyosa|DT
nakokontinto|MDFR
gustu|MDFR
martikon|MDFR
pagdad|MDFR
masugut|VB
kukuwaon|MDFR
pataya|VB
bago|CJTN
pagpabay-i|MDFR
malita|NN
ginsulud|VB
lukut-lukut|MDFR
impake|MDFR
nagliliningkod|MDFR
batuna|VB
kotse|NN
pagkinabuwasan|MDFR
pagud|CJTN
swimming|NN
pool|NN
duru|CJTN
pangarap|DT
atm|NN
magagamit|VB
purus|MDFR
tatakan|MDFR
nagsarit|VB
magaabroad|MDFR
appointment|MDFR
babe|NN
states|NN
meeting|VB
amun|PNN
business|NN
mamimis|MDFR
with|PNN
hug|VB
and|PNN
kisses|VB
pagkakinabuwasan|MDFR
lumabay|MDFR
tumuktuk|MDFR
nagtitinuktok|VB
abrehan|VB
kono|VB
nakapula|MDFR
papel|NN
maam|NN
notice|NN
ginduhol|VB
kakan|CJTN
basaha|VB
nandagko|MDFR
nahikalasan|VB
nakabasa|VB
sulud|MDFR
puru|CJTN
kaibutan|MDFR
masaklap|MDFR
nakangaran|CJTN
milyon-milyon|NN
nanluya|MDFR
magaanu|VB
tistingan|MDFR
nakokontak|VB
mag-aanu|VB
pag-uupod|VB
lourence|NN
bejar|NN
simbahan|NN
katitirok|VB
guin|NN
parutkan|CJTN
nagharokay|VB
atobangan|VB
cliff|NN
regina|NN
ellis|NN
dire|CJTN
ine|CJTN
alexandra|NN
kukuntra|MDFR
cancer|NN
duh|IJTN
dinhe|CJTN
hine|MDFR
planggana|NN
malanhod|MDFR
pariho|MDFR
hawaii|NN
simana|MDFR
labay|MDFR
suksok|MDFR
didito|MDFR
iniropan|MDFR
liwattukar|MDFR
kakanta|VB
hahangkopan|VB
lisensya|NN
misay|NN
simba|VB
zachary|NN
kahinerasyon|MDFR
pag-ginhawa|MDFR
pagliningkod|MDFR
sapit|MDFR
pagkatops|MDFR
bul-iwan|MDFR
nagging|CJTN
mahigugmaon|VB
paghinumdom|MDFR
pagkamatay|VB
epekto|MDFR
sarabotan|MDFR
maging|CJTN
zach|NN
sustento|MDFR
supurtahan|MDFR
rathburn|DT
kakilala|MDFR
hayskol|MDFR
estudyate|MDFR
4th|NMBR
year|NMBR
kikita|MDFR
pirmengan|CJTN
titinugpo|MDFR
ng|CJTN
sensitibo|DT
personalidad|PNN
magkka-anak|NN
magkakaurupodhira|MDFR
kakaestorya|VB
magkakatatawa|VB
magtatanges|VB
matinuodon|VB
pagpapakasal|VB
lalauman|VB
nagpapakasal|MDFR
maghihingkamot|MDFR
panganak|VB
perpekto|MDFR
kaada|CJTN
komplekasyon|MDFR
ham|CJTN
zachan|NN
kakatinuod|MDFR
alex|NN
diagnosed|MDFR
tungo|MDFR
bukog|NN
kuntra|DT
chemotherapy|DT
tag-yelo|CJTN
napag|CJTN
sabutan|MDFR
nagkakaada|MDFR
bone-marrow|NN
transplant|NN
nagmakalooy|VB
makig|CJTN
langoy|VB
kaisdaan|NN
matatabo|MDFR
maghihigugmaay|VB
matima|MDFR
pagdugtong|MDFR
papaabat|VB
himu|CJTN
kit-an|MDFR
pagkalalaki|MDFR
iiya|CJTN
kadungganan|MDFR
kasingkasing|NN
pag-upod|MDFR
katarapo|MDFR
mahihihngalimtan|MDFR
pagkaurupod|VB
hihigugma|VB
aantos|VB
pakusog|MDFR
maglugaring|MDFR
naintindihan|VB
papakasal|VB
gun|NN
kabog-at|CJTN
aagi-an|CJTN
nahibaro-an|MDFR
napagsabutan|MDFR
pagkaka-ada|MDFR
aak|CJTN
kamataay|MDFR
pabag-o|MDFR
pagkawara|MDFR
malulurong|VB
hino|CJTN
kakaasawa|MDFR
biski|MDFR
lah|IJTN
adela|NN
enrico|NN
umuswag|MDFR
ikinasal|VB
ginplano|VB
seremonya|VB
selebrasyon|VB
pag-uukyan|MDFR
siniguro|DT
architect|NN
plantsado|NN
makadamo|DT
pag-inuruotroha|MDFR
igkakaasya|MDFR
kakaiba|MDFR
nahurma|MDFR
nagresulta|DT
edipisyo|DT
rehas|NN
kisame|NN
chandelier|NN
wooden|NN
tiles|NN
pinatuha|MDFR
bodega|NN
ginpanlibot|VB
nagsulod|VB
pagpa-blessing|VB
urokyan|MDFR
nagribhong|MDFR
balkon|MDFR
ginpanbutangan|VB
maaakomodar|MDFR
nagkukuros|DT
tinidor|NN
wineglasses|NN
naghihingyap|MDFR
nasegunda|MDFR
lokasyon|MDFR
kainggat|MDFR
kapalit|MDFR
set|DT
kahanglas|MDFR
kahaluag|DT
mansyon|NN
alas-dose|NMBR
nagkauli|MDFR
ginkapoy|MDFR
humundaray|MDFR
nagkinita|VB
nag-iiringgat|VB
ginpaandar|VB
aircon|NN
pagkaiha|MDFR
mamintana|MDFR
naipa|MDFR
nagpabati|VB
porta|NN
kurii|CJTN
pag-istorya|VB
nagpapanday|VB
ginpabutangan|VB
balkonahe|NN
ginsiguro|MDFR
hagdan|NN
tipalusad|MDFR
minayuyo|MDFR
maiilob|DT
magmasulub-on|DT
maswerte|MDFR
matagpis|MDFR
mamula-mula|MDFR
mahamis|MDFR
nag-uupod|VB
nanlilingi|VB
korona|NN
maalagyamon|MDFR
nagdidigamo|MDFR
mag-opisina|VB
nag-aatendir|VB
panganihanglan|MDFR
personal|NN
kabilinggan|MDFR
pintor|NN
obra|MDFR
galeria|NN
naka-display|MDFR
gintitulohan|MDFR
journey|DT
to|CJTN
horizon|PNN
paniplatan|MDFR
kahirayoan|MDFR
sidsid|VB
natunlob|MDFR
kwadro|MDFR
nakadunggo|MDFR
andam|MDFR
pagsakyan|DT
nakaplastar|MDFR
lumingi|MDFR
magkinita|MDFR
pagkatingala|MDFR
igtugot|MDFR
pagbaligya|VB
gin-anod|VB
balod|MDFR
nagkawara|MDFR
kadungan|MDFR
kustomer|NN
namemorya|MDFR
nakahigaraan|MDFR
magdidigamo|MDFR
dominggo|DT
buruhaton—|VB
mamumunak|VB
magplaplantsa|VB
maglilimpyo|VB
nagbibirik-birik|VB
trabahoon|VB
nagmugo|VB
ginkakapoy|VB
pag-inuro-iskrima|MDFR
mabutangan|MDFR
malipot|MDFR
komportable|DT
kanihanglan|DT
padugangan|MDFR
paglusot-lusot|MDFR
diretso|MDFR
makalusot|MDFR
banyo|NN
makakonektar|MDFR
labahan|NN
padudugangan|MDFR
pangaonan|VB
nakompleto|MDFR
pag-agi-agi|VB
mapakain|MDFR
lumipot|MDFR
hurohirayo|MDFR
agian|MDFR
lusotan|MDFR
pagtampo|VB
maurog|MDFR
studyo|MDFR
gintatago|MDFR
canvas|DT
nagpipintor|VB
konsepto|MDFR
mahunahunaan|MDFR
natatapos|MDFR
pagkauyam|MDFR
kamaunga-unga|IJTN
lumusot|MDFR
nanara|VB
nagbinaktas|VB
nahinumdum|MDFR
tabo|DT
mamalit|VB
naglinibot-libot|VB
pagtakas|VB
nagbaktas|VB
mawada|MDFR
nakaginhawa|VB
hulagway|MDFR
nahidlaw|MDFR
nakakapag-exhibit|VB
tugoti|MDFR
karampo|MDFR
larangan|MDFR
interes|PNN
nahingadto|MDFR
gin-upod|DT
pagkaasawa|DT
gindig-onan|VB
pagpintor|VB
mag-atendir|VB
estado|MDFR
huna|MDFR
isalikway|DT
kinahiligan|MDFR
gintuonan|DT
umiliw|MDFR
borsa|NN
pintura|NN
sopa|NN
napasiplat|MDFR
namingaw|MDFR
pumiyong|MDFR
namalandong|VB
nagbalod-balod|VB
ibaiba|MDFR
panhunahuna|MDFR
nangaturog|VB
hiyalumabay|MDFR
regular|MDFR
naatiman|MDFR
pagtilakat|MDFR
mahimyang|MDFR
paglungon|MDFR
mag-aaway|VB
iruistorya|VB
nahiara|MDFR
mahintikos|MDFR
ginhangyo|DT
ginlayon|MDFR
pagsarit|MDFR
magtimpla|VB
gintugotan|VB
natitimpla|VB
pagkumbinsir|VB
pagtugot|MDFR
pag-aktibar|MDFR
komunidad|MDFR
pagigin|CJTN
nag-impake|VB
nag-uusaan|MDFR
pagpadul-ong|VB
resort|NN
nagplite|MDFR
prente|PNN
halapad|PNN
plaza|NN
masirak|DT
pagpasyada|VB
pag-jogging|VB
pagpahuway|VB
naaabat|MDFR
nakakasalipod|MDFR
magsasara|VB
taran-awon|MDFR
plasa|NN
nananawongan|MDFR
igkataragpo|MDFR
nag-jojogging|VB
naglilinakat|VB
libot-libot|VB
sementado|MDFR
laraktan|MDFR
nag-inukoy|MDFR
ginhuros|MDFR
anblinds|MDFR
nagpinamintana|VB
natatan-aw|VB
nagpaparumba|VB
nagpabilin|MDFR
magranggat|MDFR
brilyantitos|NN
nanlulutaw|MDFR
unhan|CJTN
kalawakan|NN
billboard|NN
elegante|DR
nag-eendorso|VB
mahalon|MDFR
relo|NN
ginbinalik-balik|VB
pagkinita-kitai|MDFR
naeengganyo|MDFR
nanunumbalik|MDFR
pagpintar|VB
senaryo|MDFR
paglinibot-libot|VB
postura|NN
madakop|MDFR
memorya|MDFR
naeengkwentro|VB
pag-obserba|VB
pagkinaras-karas|VB
imahe|NN
nagdesider|MDFR
wallet|NN
pungpong|DT
yabe|NN
naabtan|MDFR
naghihinulat|VB
babalik|MDFR
namutaw-an|MDFR
uuli|MDFR
nag-e-enjoy|VB
gin-gugutom|VB
restawran|NN
nag-order|VB
ginseserbe|MDFR
nag-iinistoryahon|VB
nagdto|MDFR
nakakwadro|MDFR
nasikal|MDFR
mamahalon|VB
ginpaparayaw|VB
nakikigmulay|MDFR
pag-uyon|MDFR
kaluyo|MDFR
panlantaw|MDFR
nakikig-inistoryahon|MDFR
naiipa|MDFR
panibugho|VB
matag-usa|VB
panmahong-pahong|VB
del|CJTN
huh|IJTN
mmm-mmm|IJTN
nagbubublag|MDFR
iwag|MDFR
ginsasayoran|MDFR
sagipo|MDFR
pagpinamurobuot|MDFR
gin-eendorso|VB
gin-ininopan|VB
nagbibinirik|MDFR
ginbibinayaan|NN
bagis|MDFR
gin-aagian|MDFR
ginsangpit|MDFR
tagpasamwak|MDFR
ipapaayad|MDFR
nakapagdesidir|MDFR
makakaunhan|MDFR
signgon|MDFR
natanga|MDFR
ginkaibahan|DT
ginhihingyap|MDFR
kana|CJTN
kalimti|MDFR
ginkalasan|VB
ginkamkam|MDFR
bursa|NN
nahiram|MDFR
ginpanginano|MDFR
gin-agian|MDFR
mag-interes|MDFR
pamilngon|MDFR
makakaabre|MDFR
mag-aabre|MDFR
makakaupod|VB
maggiginastuhon|MDFR
magkakwarta|MDFR
tipiga|MDFR
extension|MDFR
card|NN
nagpapasiguro|MDFR
magkakamayda|VB
hiagi|MDFR
natitirok|MDFR
ginyiyinakan|VB
makahirayo|MDFR
makayakan|VB
bumuslong|MDFR
nakatutok|MDFR
estranghero|NN
gin-andam|MDFR
darad-onugsa|MDFR
pumalagiw|MDFR
pagsugot|MDFR
argumento|VB
sumamok|MDFR
ginpundar|MDFR
kaukoy|MDFR
naulingag|MDFR
natago|MDFR
sumidlit|VB
naluluwas|VB
nababaton|MDFR
napalingi|VB
guminhawa|MDFR
ginpurot|VB
bagahe|NN
paghialang|MDFR
ngadumayon|CJTN
subayon|MDFR
tambalan|NN
concepcion|NN
nacinofa|NN
serdena|NN
manambal|MDFR
nag-aanak|VB
inuro-alogbati|MDFR
katataw-i|MDFR
natatawo|MDFR
igpapakita|VB
kay-ano|CJTN
budoy|NN
maopay|MDFR
kahangad|MDFR
naawas|VB
nakambay|MDFR
nakab-it|MDFR
may-ada|MDFR
pisaw|MDFR
gindaop|VB
ginpakisangkayan|VB
iginkakahimangraw|MDFR
paghangad|MDFR
ginpisaw|MDFR
pakadalagan|VB
papaniguroa|MDFR
nagsisinamok|VB
naniguro|MDFR
natawhan|MDFR
kakadtuon|VB
ginhubagan|VB
tiraha|VB
kagiliran|NN
ong|CJTN
hindaw|MDFR
hubag|NN
paglabti|MDFR
nagpapaglabot|MDFR
ginlulubong|VB
binulig|VB
ginpapasag|CJTN
nagkikinuan|IJTN
nagtutuwa|VB
nag-iinutot|VB
abrihi|VB
paglinaboti|VB
ilulubong|VB
nahinglaw|VB
voltaire|MDFR
oyzon|NN
amó|NN
nagdidinebate|VB
kahupit|MDFR
putik|IJTN
umuran|MDFR
nagpustahay|MDFR
mapirdi|MDFR
kakaonun|VB
pustahay|MDFR
naihaw|VB
ginkikinaon|VB
ginkaragan|VB
bangon|MDFR
manuel|NN
ipil|NN
samuel|NN
pag-abri|VB
agwas|MDFR
pag-abre|MDFR
pagkabkab|MDFR
paglubong|VB
tubo|NN
huruhagdan|NN
naglulungon|MDFR
nagmuwestra|MDFR
ibingan|NN
tisurugod|MDFR
unano|NN
kinaptan|VB
tambalan…|NN
ganggang|MDFR
albularyo…|NN
simlaw|MDFR
iton…|IJTN
babayi1|NN
butnga…|MDFR
nagkakamang|MDFR
pitsido|MDFR
kaku-anan|VB
nadistansya|MDFR
nakatukdaw|MDFR
altar|NN
ginarapa|MDFR
tagsugad|MDFR
pagbabaligya|MDFR
presyo|DT
panambal|MDFR
pagdiwata|MDFR
kakaptan|VB
igbubutang|VB
nimo|IJTN
grapa|MDFR
kapital|NMBR
presyo…|MDFR
bayaran|MDFR
nakakuan|IJTN
nadukot|MDFR
samar|NN
danglay|MDFR
basey|NN
imposible|MDFR
hit…|IJTN
suhoton|VB
caves|NN
hinbabaroan|MDFR
dudunggan|MDFR
kurukayakan|VB
ito…|IJTN
marmol|NN
pinakalamisa|NN
kataw|NN
malagas|DT
mabata|DT
nalulumos|VB
natangay|MDFR
hangin-hangin|MDFR
anyo|MDFR
buru-bagyo|MDFR
sinyang|NN
gin-alipuros|VB
baha|NN
babay1|NN
susupoksupok|MDFR
gang-gang|MDFR
linalayugan|DT
milagrosa|NN
binabati|VB
sawak-sawak|VB
malakas-lakas|MDFR
supok-supok|MDFR
linulugay|MDFR
ginsasara|VB
uru-istorya|VB
nalumos|VB
ginsusupok-supokan|MDFR
kweba|NN
cave|NN
basurero|NN
truck|NN
nakaruba|VB
nagdugay|MDFR
kaurusa|MDFR
nangangarigo|VB
lukso|VB
napailarom|MDFR
gin-ambakan|MDFR
dida…lungib|CJTN
jorge|NN
kinakaruyag|VB
paglumos|MDFR
pinasusulod|VB
cristina|NN
baluran|DT
kaman|CJTN
guin-kita|CJTN
salamin|NN
guin-pugngan|CJTN
makagtuok|MDFR
maruba|MDFR
garbo|MDFR
kadamu|MDFR
guin-agian|VB
rebecca|NN
mahiabot|MDFR
kasakitan|MDFR
nagtugway|VB
mahidangat|VB
nangisi|MDFR
huring|VB
Anne|NN
pustura|MDFR
nangungurog|MDFR
kakulba|VB
ginkukulba|MDFR
pamahungpahong|MDFR
ginpakalma|VB
Rebecca|NN
nanlulunod|VB
igsisiring|VB
nakabado|MDFR
static|FW
tuxedo|NN
makahulat|VB
pagkaistorya|VB
gin-aabat|MDFR
naglain|MDFR
nagpawaray|MDFR
gana|MDFR
magitom|MDFR
nag-iba|MDFR
nagduduruas|MDFR
gumasa|MDFR
nagtitikaduro|MDFR
nagtitikaluya|MDFR
mailob|MDFR
akos|MDFR
ul-ol|MDFR
mabaraka|MDFR
ginhuhunahuna|MDFR
permi|MDFR
gin-aatubang|MDFR
tumangdo|VB
ginhihigugma|MDFR
nagtin-aw|MDFR
oh|IJTN
ginpakita|VB
ginpadara|VB
naglakat|VB
naglalaksi|VB
lamesa|NN
hirane|DT
mag-pulapula|MDFR
rosas|NN
kadig-on|MDFR
nabilngan|VB
magtatalwas|VB
ugupan|VB
tikamaratay|MDFR
kupas|MDFR
saruwal|MDFR
susul-uton|MDFR
mangangaraturog|VB
tag-iha|MDFR
gintutumar|VB
nasasakit|VB
updan|VB
ginyayakan|VB
mauupay|MDFR
problemado|MDFR
pataw-on|VB
tapod|MDFR
sarili|NN
higugma-a|VB
doctor|NN
ginpabay-an|VB
maglipay|MDFR
hinuhulat|VB
ginsisingabot|VB
aabaton|MDFR
pagbulagon|VB
nakapantalon|MDFR
ginpanhunahuna|VB
kard|NN
kwentas|NN
bitay|VB
mahibaruan|VB
natutunga|VB
paghiguma|VB
magmumud-ot|MDFR
mabaru|VB
magdudugay|VB
magkatunga|VB
mabubug-os|MDFR
kakalimtan|VB
pakisangkay|VB
mamamatay|VB
kahasta|VB
pagmud-ot|MDFR
kasina|MDFR
tigamni|VB
paghigugmaay|VB
isipa|VB
magsasaad|VB
naguusa-an|MDFR
makakabiling|VB
anoman|NTRG
mapugngan|VB
magtinuok|VB
kabasahi|VB
iginbalik|VB
pagsul-ot|VB
ginsul-ot|VB
umatras|VB
kita-on|VB
kaayad|VB
itsahi|VB
matitima|VB
balos|VB
nagbabaha|VB
ginlunupan|VB
damodamo-a|VB
nagkalulukba|VB
anod|VB
parakol|NN
tabagi|VB
naiipit|VB
nakimaluoy|VB
magbabalos|VB
kakaonon|VB
abilidad|MDFR
tatabagan|MDFR
gin-utod|VB
naka-ipit|VB
hiluag-luagan|MDFR
babaha|MDFR
laong|DT
kaipit|VB
magsemana|MDFR
nahianod|VB
sinaklay|VB
dunot|MDFR
iginlabay|VB
iginlabog|VB
tan|CJTN
lusong|NN
naanod|VB
nabubuho|VB
inuupay|VB
iginsasakob|VB
nabuho|VB
tarangnan|VB
lydia|NN
buotan|MDFR
diyosnon|MDFR
kadalagan|VB
batasan|MDFR
pagkita-a|VB
parag|DT
tinuon|NN
gaway|NN
ngayan|CLTC
papabag-o|VB
kikinaon|VB
siwo|NN
kakaon|vv
iintrimisan|NN
karaonon|VB
iiwason|VB
babag-o|VB
lilibot|VB
namamatay|VB
napapasa|VB
pagiging|MDFR
white|MDFR
lady|NN
chella|NN
escarilla|NN
balhin|VB
wende|NN
nag-imbeta|VB
hagharane|MDFR
gin-uukyan|MDFR
mapahuway|VB
lilingi|VB
sumaka|VB
kumada|VB
petsa|NN
mae|NN
ortego|NN
carlo|NN
chew|FW
love|NN
ginhihingal|VB
paghinulat|VB
bungot|NN
singit|NN
clear|FW
shampoo|FW
ginsusunod|VB
gintutugon|VB
gatsby|FW
ginpapili|VB
ginlugaringan|VB
rubber|FW
shoes|FW
dinali-dali|VB
axe|NN
dugngan|VB
japorms|NN
pahamot|NN
ginpapagamit|VB
idol|NN
christian|NN
bautista|NN
ready|FW
polo|NN
check|FW
hair|FW
style|FW
iha|MDFR
mag-aasawa|VB
magkakaapo|VB
hagdanan|NN
minutos|NN
ginsabutan|VB
gin-iinandaman|VB
gin-iinampo|VB
maurit|VB
nag-iisog|VB
yolanda|NN
pagdangat|VB
mapasaylo|VB
makapagpalipay|VB
hello|FW
sir|NN
waiter|NN
menu|FW
order|NN
ginbagnos|VB
magkasipalad|NN
kinukulba|MDFR
pipilion|VB
ginpapatukar|VB
theme|FW
song|FW
nakapagpatawa|VB
naibanan|VB
atrasan|VV
siniplat|VB
agoy|IJTN
papradis|MDFR
blue|FW
bombilya|NN
nakabitay|VB
nakapaskin|VB
you|FW
too|FW
ginunting|VB
kupido|NN
ginpapilit|VB
nauupayan|VB
park|FW
mauupayan|VB
sagdi|IJTN
mabilib|VB
ginkukursunada|VB
hinuhubya|VB
nagsisiring|VB
good|FW
night|FW
ginsasarabot|VB
tatawagan|VB
kukulbaon|VB
manta|IJTN
magreply|VB
daisy|FW
natitigda|VB
pagkakaturog|VB
depensa|VB
magsarit|VB
piraw|MDFR
maglisensya|VB
nerbyoso|NN
makaturog|VB
tumutok|VB
binaid|VB
pirit|VB
hehe|IJTN
papakaturugon|VB
busaan|VB
ginpupugngan|VB
uupaya|VB
nahingaturog|VB
kakadtuan|VB
tabis|MDFR
natumanan|VB
ginlupigan|VB
pagkaturog|VB
sarit|VB
gindanas|VB
hinihimo|VB
magkakaada|VB
pinsar|VB
gininhawa|VB
halawig|MDFR
nakadara|VB
batos|NN
madakpan|VB
orchids|FW
sarabutan|VB
matauran|VB
dextrose|NN
kangaralson|MDFR
bugtong|NN
kagwapo|NN
piolo|NN
katupong|MDFR
kagwapuhan|MDFR
coco|FW
martin|NN
quarter|FW
eight|NMBR
hilawig|MDFR
nahuhunahunaan|VB
ginhihinulat|VB
ginpatukar|VB
ginhuhulat|VB
relax|FW
papabalhinon|VB
naka-reserve|VB
kasi|DT
nakasiring|VB
matapal-tapal|VB
binalhin|VB
bartender|NN
marian|NN
sorry|VB
gintugunan|VB
manager|NN
hibalik|VB
oy|IJTN
idul-ong|VB
mabawi|VB
ginhapyod|VB
ginpaspasan|VB
sarwal|NN
naabot|VB
mag-iha|VB
bumagting|VB
customer|NN
gipupulahi|MDFR
lipstick|NN
naka-shades|VB
naka-jacket|MDFR
handbag|NN
versace|FW
calbayog|NN
igkikita|VB
humuyo|VB
igkakakita|VB
nagtapo|VB
nagtitikahugot|VB
pagyayakan|VB
nat|PNN
ulpot|VB
istoryahon|VB
lumingiw|VB
restaurant|NN
nagbinuwa|VB
buyayaw|VB
kaatubang|VB
nagbibinuwa|VB
ipakilala|VB
ginkakalisangan|VB
nakikiusyuso|VB
nahinanabo|VB
espiho|NN
mabatian|VB
ginhuypan|VB
idudul-ong|VB
dadanason|VB
papakaalohan|VB
ginbutong|VB
bastos|NN
pagkapot|VB
ginhangkupan|VB
pinurot|VB
ginlabog|VB
gumuliat|VB
namumula|MDFR
nakakaon|VB
harang|NN
ginbanyakan|VB
cashier|NN
nabungol|VB
nagdudrungan|VB
pagkarukayakan|VB
direkta|VB
nagdudurugo|VB
nagdudugo|VB
nagtitinamod|VB
pumitad|VB
tipagawas|VB
ginduso|VB
tiupay|VB
ginpatilaw|VB
nahilasik|VB
dagpason|VB
paspasay|VB
tuok|MDFR
mascara|NN
nakakayakan|VB
nahilabog|VB
nahibatian|VB
nanuntok|VB
istasyon|NN
pagtinangis|VB
nanighawak|VB
plinantsa|VB
gintik-om|VB
ginrabot|VB
alimpupuro|NN
siniplatan|VB
naghinay-hinay|VB
pagpitad|VB
ginkikinitaan|VB
gintitinulon|VB
igsarabot|VB
uminom|VB
iinom|VB
ka-tuig|NMBR
granada|NN
ipasyada|VB
ginsinuntok|VB
namula|MDFR
nauuul-an|VB
gin-timing|VB
dj|NN
pasangil|NN
pakigduyog|VB
salida|NN
happy|MDFR
valentine|NN
ginbalik|VB
nanhihapil|VB
ginpahid|VB
ginsisiniplatan|VB
langis|NN
rebil|MDFR
manually|FW
words|FW
this|FW
document|FW
as|FW
frequent|FW
estoryahon|NN
roque|NN
naaagian|NN
maharlika|MDFR
highway|NN
nagpapahot|VB
ubahan|NN
nasering|VB
kaurusahon|MDFR
sol-ot|MDFR
diyes|NMBR
tunay|MDFR
nagkakahadlok|MDFR
namamarat|MDFR
god|NN
barahibo|NN
nagpakakita|VB
magtinuoron|MDFR
multo|NN
kapre|NN
unglo|NN
pag-uswag|VB
pobrehanon|MDFR
mayorya|NN
pag-uma|VB
pangisda|VB
munisipyo|NN
sisenta|NMBR
matatad-|VB
poblasyon|NN
godtiay|MDFR
pawod|NN
kakorian|NN
mapadokwag|VB
bisyo|NN
bolang|NN
tong-it|NN
sugal|NN
makahurubog|NN
pambabaye|VB
nakapagbalay|VB
konkreto|MDFR
nagpabalhas|VB
kurakot|MDFR
kahilab-an|MDFR
igintindog|VB
mayor|NN
nagliliaw|VB
libang|NN
kalakin-an|NN
pag-angbit|VB
liay|VB
nag-aantos|VB
kakablasan|NN
mag-aram|VB
pakasulod|VB
gindadayo|VB
institusyon|NN
prostitusyon|NN
makangingirhat|VB
pinanag-iyahan|MDFR
meyor|NN
napakanhi|VB
nagmiminopos|NN
daugan|MDFR
hoygo|NN
matilaw|VB
surondon|MDFR
kakilometro|NMBR
paralitan|MDFR
unod|NN
matatad-an|MDFR
galyera|NN
bulangan|NN
nagtuturogpo|VB
paragbolang|NN
martes|NN
hoybes|NN
nadayo|VB
madyongera|NN
pa-|DT
lalawigan|NN
ginangkon|MDFR
nasasakop|MDFR
paglalantugi|VB
nahihitabo|VB
iukoy|VB
kasaranggapanan|MDFR
magkamayada|VB
pahinomdom|VB
mahinugad|VB
masabutan|VB
isusun-ad|VB
ool-ol|VB
bitukahan|NN
mara|MDFR
sumagbang|VB
kauriton|MDFR
ikinahahadlok|MDFR
paglalakat|VB
katotnga|MDFR
maghikaraot|MDFR
panginlabot|VB
total|MDFR
nahihimo|VB
responsibilidad|MDFR
pogngi|VB
nag-eeskoyla|VB
political|NN
science|NN
kakamang|VB
pag-eskoyla|NN
mabag-o|VB
nagsasawa|VB
paghinapdos|VB
nakapinsar|MDFR
makakakwarta|VB
mababaroan|VB
magastos|MDFR
pag-iskoyla|NN
paglalabas|VB
nagsusugal|VB
patag-usa|MDFR
bus|NN
mindanaw|NN
gintutuman|MDFR
mabiktima|VB
pagtikas|VB
panholdap|VB
rebelde|MDFR
pinit|NN
mataghom|MDFR
hoyop|VB
kahuhuman|VB
konsehal|NN
perfecto|MDFR
magpakalipay|VB
umandar|VB
kakahoyan|NN
nag-uusahan|MDFR
kabotngaan|MDFR
kasidman|MDFR
metros|NN
distansya|NN
natan-aw|VB
kaharadlok|MDFR
nakadognit|MDFR
pankasal|MDFR
nakalugay|MDFR
kaisog|MDFR
konseho|NN
naglaksi|VB
tibok|VB
tumabok|VB
nanaghoy|VB
tukal|VB
nadogangan|VB
humuyatang|VB
domaop|VB
tinagmel|VB
illegal|MDFR
allowance|NN
disisaismel|NMBR
magpakita|VB
lamay|NN
nakidugok|VB
na-|DT
bolig|VB
kaedad|MDFR
gingagaraan|VB
napupuno|VB
horoygo|NN
gingagamitan|MDFR
baraha|NN
humiling|VB
longon|NN
hausa|DT
plastic|FW
pade|NN
sabota|VB
mahuhuman|VB
kolehiyo|NN
maduroto|MDFR
nag-aahente|VB
aplayanses|NN
komisyon|MDFR
sikreto|MDFR
magliaw-libang|VB
mr|NN
pornada|MDFR
budget|NN
officer|NN
nag-aberya|VB
dukati|NN
napiritan|MDFR
maglakat|VB
yungod|VB
ginkakahadlokan|MDFR
ginmakadaraop|VB
tihirani|MDFR
napaharayo|MDFR
manilampuson|MDFR
nakauli|VB
opinyon|NN
normal|FW
hustisya|NN
segurado|MDFR
hibabaroi|VB
sekreto|MDFR
miyerkules|NN
sinusodlan|NN
kabesera|MDFR
george|NN
kosoylo|MDFR
kinamumutangan|MDFR
narra|NN
administration|FW
building|FW
segi|IJTN
magkadayon|MDFR
sunda|VB
magin|DT
makakaaway|MDFR
pagkamay-ada|MDFR
gahom|NN
makapagbulong|VB
break|FW
naiintindihan|MDFR
serbe|MDFR
magkakaintindihay|VB
biyernes|NN
bukatkat|NN
nagsisiwak|VB
ganado|MDFR
paglakat-lakat|VB
sering|VB
mapakita|VB
beynte|NMBR
nasilag|MDFR
nakabusag|MDFR
ulitawo|NN
palakat-lakat|VB
miss|FW
hipausa|VB
pagharayo|VB
napatunob|VB
madalunot|MDFR
balanse|MDFR
uli-|VB
tumama|VB
naagian|MDFR
dinangatan|MDFR
nakukuha|VB
naitutobyan|VB
pagkababaye|NN
sawa|NN
kawat|VB
pagkikita|VB
iiisplikar|VB
iginbalay|VB
hibaroan|VB
perde|MDFR
eleksyon|NN
makailob|VB
magpublikar|VB
tarhoga|VB
pulitiko|NN
mayo|NN
nagab-ihan|MDFR
tawuhan|MDFR
boblangan|NN
panag-iyahan|MDFR
bosing|NN
humapit|VB
nag-irignom|VB
serbesa|NN
nagdaog|MDFR
nagbantay|VB
balatian|NN
pagtabok|VB
pagyungod|VB
nagdupa|VB
kinabig|VB
manebela|NN
maligis|VB
bumonggo|VB
akasya|NN
pagkahuman|VB
nagpaupod|VB
kaklase|NN
tayaan|NN
lotto|NN
tumaya|VB
makaukoy|VB
mars|NN
pagdaog|VB
ester|NN
nadire|MDFR
madaog|MDFR
nadaog|VB
rizal|NN
bayani|NN
paragtaya|NN
loterya|NN
dapitan|NN
tong-itera|NN
hoyo|MDFR
bigtime|FW
nagngirisi|VB
nagbulag|VB
magsangkay|MDFR
nagkokori|MDFR
pagharing|VB
abuhan|NN
mahinomdom|VB
tangke|NN
lpg|NN
nagluluto|VB
hilaw|MDFR
naglalaga|MDFR
matatalwas|VB
pagginamit|VB
sungo|NN
magigin|DT
naglalaum|VB
pag-inop|VB
nagmamata|VB
magliliwan|VB
ginharuk-harokan|VB
libreta|NN
de|DT
banko|NN
kapesos|NMBR
deposito|NN
kantidad|NN
makakatuntong|VB
eskoyla|VB
nakatirok|VB
igtitindog|VB
ipadayon|VB
sumarang|VB
tinedyer|MDFR
kongresista|NN
dumayo|VB
paglikay|VB
bumunggo|VB
pagkaalarma|VB
imbistigasyon|NN
aksyon|VB
kumunsulta|VB
psychic|FW
rekomenda|VB
ispiritista|NN
pagpalayas|VB
pagtatapos|VB
cum|FW
laude|FW
nabalyoan|VB
desenyo|NN
moderno|MDFR
nadayaw|VB
nakab-ot|MDFR
pagasenso|VB
kinagab-ihan|NN
gradwasyon|NN
kahugador|MDFR
magsusugal|VB
ritwal|NN
ispiritu|NN
nanbibiktima|VB
umaragi|MDFR
mel|NMBR
aro|VB
pagpa-iwas|VB
ispirito|NN
sumimba|VB
makagarahom|MDFR
nagosyoso|NN
nakamatay|VB
magpakasasala|MDFR
nakikiusa|VB
nakikimalooy|VB
panbibiktima|VB
nagtatapo|VB
pakikipagkita|VB
magsulay|VB
nagliliro|VB
makisalapi|MDFR
anakan|VB
naengkanto|MDFR
naghermano|MDFR
nag-ihaw|VB
ngaran…|NN
magkuratsa|NN
consuelo|FW
pagpasayawa|VB
nahimalansag|VB
manuod|VB
ginbutosan|VB
hermana|NN
nagsisinayaw|VB
gios|VB
ginlumay|VB
ginsabragan|VB
ugangan|NN
pagsakob|VB
sasakbon|VB
nagbibinuot|VB
kiwa-kiwa|VB
pero…may|IJTN
maol-ol|MDFR
nahabughat|MDFR
bis|DT
ginkakarapotan|VB
gintatalo|VB
makakatalo|VB
hiya…waray|IJTN
pagbati|VB
na…|DT
pinamamati|MDFR
natutuhay|MDFR
pagpapasuso|VB
pag-anak|VB
kuno…|IJTN
darahog|VB
catbalogan|NN
pangadii|VB
nagkikinada|VB
nagpapasuso|VB
nakag-lingaya|VB
nabuot|VB
paglulusad|VB
hinkikit-an|VB
pakibulig|VB
ginagatas|VB
pagpasus-a|VB
nag-iinuro|VB
ginpa-inop|VB
mabubuhi|VB
napasuso|VB
muskitero|NN
pagdakola-ay|MDFR
nagpainop|VB
pamulayon|VB
nagkakalakat|VB
naka-asawa|VB
ira…|PNN
ginbadel|VB
natuo|MDFR
adto…a|IJTN
iginkalagiw|VB
makagpa-inop|VB
kadaraga|MDFR
santiago|NN
figueroa|FW
nag-iinurugyas|VB
musil-pusilay|VB
pinakasalipdanan|MDFR
alad|NN
lambong|NN
lumalabay|MDFR
sablay|MDFR
paglahos|VB
manapulo|NMBR
kapitad|NN
kahirayo|MDFR
magpabuto|VB
pagtadong|PSTN
pagliko|PSTN
tipasulod|PSTN
agianan|NN
pagsaka|VB
paningudto|NN
nangangabesera|VB
nganiya|DT
pagdaop|VB
pag-iburuhaton|VB
ig-itsa|VB
tipaigbaw|PSTN
tipaubos|PSTN
saluhon|VB
naghininga-hinga|VB
paghingas|VB
pagpatawa|VB
berat|IJTN
bug-at|MDFR
ginpipinakaon|VB
hitaas|MDFR
aber|IJTN
nakipagtalikuray|VB
pagsukol|VB
tagatalinga|MDFR
makakausa|VB
kabangkat|MDFR
entoy|NN
dagos|MDFR
gumukon|VB
pag-ugay|VB
binutangan|MDFR
suntok|VB
braso|NN
paglinuob-luob|VB
pagdyinab-dyab|VB
nakikipagbuksingay|VB
inungayan|VB
ginhugot|VB
musil-pusil|NN
nagpakatiru-tikwadol|VB
tipaatras|MDFR
nahikakaptan|MDFR
tinamaan|VB
natitingyay|VB
nagtininghakon|VB
gul-an|MDFR
paghinikaginhawa|VB
itututdo|VB
pumusil|VB
siguraduha|VB
pagpabuto|VB
makabulos|VB
mamortalan|VB
ig-a|VB
right|FW
between|FW
the|FW
eyes|FW
gintitinutduan|VB
kamakiaawayon|MDFR
bakasyon|NN
sumbong|VB
nganakon|IJTN
kamasunlog|MDFR
iito|IJTN
luis|NN
bagaka|DT
mag-inimbestigar|VB
hadton…|IJTN
an…|DT
ngabata|IJTN
tibulos|VB
asahan|VB
tiasa|VB
elementary|MDFR
gradwit|MDFR
urueskrima|VB
klasi|NN
makagsagbang|VB
maiba|VB
hitabo|VB
ikinaaawod|MDFR
ikaaawod|MDFR
idolo|NN
supo|MDFR
kamaisog|MDFR
manibo|VB
ribok|MDFR
sugad-sugad|DT
naisip|VB
five|FW
three|FW
hundrid|FW
sixty-five|FW
times|FW
sixty|FW
iginhinagidhid|VB
pagtinayms|FW
makakakuha|VB
umentra|VB
katalawan|MDFR
sumupo|VB
gintinutok|VB
paurok-urok|VB
pagmingaw|VB
karasikas|VB
say|FW
nakagis|VB
pangita|NN
naghayskul|MDFR
buloker|MDFR
grimater|MDFR
sentido|NN
pakagawas|VB
ginkinarawat|VB
iginpaayad|VB
hadton|IJTN
pakagkalit|VB
hus|IJTN
inaano|IJTN
nagbibinasul|VB
paghiukoy|VB
nahimangno|VB
naniid|VB
nagdali-dali|VB
pagpahugpoy|VB
minasus-an|MDFR
ginkikinantahan|VB
paglibang|VB
hirigutan|MDFR
gintola|VB
paghinagurot|VB
sapayan|IJTN
okasyon|NN
pagkalubong|VB
ginpaukad|VB
agwantahi|VB
pagbilib|VB
six|FW
wais|MDFR
eto|PSTN
hundred|FW
kamadali|MDFR
sien|NMBR
nobenta|NMBR
diyas|FW
master|FW
gin-sinuma-kumlawdihan|MDFR
paghi-goodbye|VB
samsam|VB
kaluto|VB
igpapakiana|VB
batia|VB
nag-aalang|MDFR
pagpapakita|VB
molto|NN
pagtitikang|VB
kapriso|VB
hinpatungdaan|VB
nahibabaruan|VB
gin-challenge|VB
pinakamakarit|MDFR
parag-eskrima|MDFR
paghihigawas|VB
prisohan|NN
pakamatay|VB
humangaw|VB
paghahagkot|MDFR
pababalikon|VB
pagkasiring|VB
masaliwan|VB
paghigda|VB
huhuliron|VB
ukaron|VB
gintima|VB
nagpiling-piling|VB
guol|MDFR
nanira|VB
kabablayan|NN
hindudunggan|VB
nagrarapu-rapu|VB
binalhag|VB
higlalabaan|MDFR
goodbye|FW
hiaantaw|VB
munti|MDFR
ligas|NN
away|NN
lumapos|VB
umutod|VB
liog|NN
samaran|VB
panhimulos|VB
iniimadyin|VB
ninja|FW
sine|NN
hikit-an|VB
gin-uupod|VB
tigkadto|MDFR
baboy|NN
utanon|NN
gikan|VB
nagbubuhi|VB
dit|PSTN
post|FW
office|FW
alawans|FW
priso|MDFR
nahuhunahuna|VB
kaharangdon|MDFR
sikil|NN
inihap|VB
paglimbong|VB
pagkalit|VB
inaatrasan|VB
magraugdaug|MDFR
panabang|MDFR
kablasanon|MDFR
gintatalumpigos|VB
paggamita|VB
self|FW
defense|FW
gindudum-itan|VB
mahangrit|MDFR
ginduduroy|MDFR
hingangadtoan|NN
pagdaug|VB
ikinapriso|MDFR
pag-eskrima|VB
suruholan|MDFR
pamatay|VB
naatpan|VB
yero|NN
nabungbungan|VB
nakagbisita|VB
tago|MDFR
manginsayod|VB
pakagpakiana|VB
nagkaabot|VB
kapatoran|NN
kapadihan|NN
manhindara|VB
nagbubugiot|VB
nag-inirignom|VB
pangaraonan|NN
nagbibinida|VB
nahimumutnga|PSTN
boss|FW
kontrabida|MDFR
kaaringasa|MDFR
pagkinaranta|VB
paghinarahara|VB
karukayakan|VB
nadalunot|VB
pagtinagay-tagay|VB
ayaton|VB
pass|FW
nagpakabati|VB
nahinay|VB
nagliliningi-lingi|VB
paghuruhudlomay|MDFR
taklos|NN
tambong|NN
nasunod|VB
natapak|VB
nahangaw|VB
nag-una|VB
pumatay|VVB
uungayan|VB
eskrimahay|VB
graduate|FW
paraptayay|VB
hinngangadtuan|NN
speech|FW
nagubat|VB
corrupt|FW
sinusuholan|MDFR
pakalit|MDFR
atubangay|VB
salsalon|VB
sinuksok|VB
nagsagdon|VB
pagkalagyo|VB
tidalagan|VB
daplin|NN
higagawas|VB
pinanngaranan|VB
big|FW
shot|FW
pamunuan|NN
masusugo|MDFR
pag-ataman|VB
kalipungan|MDFR
gin-inulit-ulit|MDFR
paggubata|VB
pag-ihurugot|VB
nahitataklos|MDFR
kahipiriti|MDFR
pagpusil|VB
rebolber|FW
armas|NN
ginpagamit|MDFR
awtoridad|NN
asset|FW
pagtiktik|VB
kriminal|NN
nagbungkas|VB
irignom|VB
nahibilin|VB
nagtinag-usa-usa|VB
ginsisinumatan|VB
nagsirom|MDFR
ginsindihan|VB
natangka|VB
gin-irignoman|MDFR
natutura|MDFR
hubog-hubog|MDFR
pagtinagay|VB
gintagayan|VB
pag-adman|VB
secret|FW
agent|FW
license|FW
kill|FW
manghak|VB
inaalpan|MDFR
pagbasol|VB
pagtimangno|VB
nahingatawa|VB
nag-inakturon|VB
kahubog|VB
pahahadkon|VB
itinigbaw|VB
idinuko|VB
pagpaharok|VB
pakiugayi|VB
hingaturog|VB
mahawhawan|VB
dadaop|VB
tatawagon|VB
pagbuotan|VB
sugot|VB
maghihikaraot|VB
mabubuhat|VB
katutdoi|VB
gintutdo|VB
pag-inadman|VB
danaw|NN
genuine|FW
smuggle|FW
gamita|VB
pagkablit|VB
sinusugad|VB
matiaw-tiaw|VB
igintutok|mMDFR
pagbuto|VB
nakupkop|VB
nagkikinurahab|VB
hidudunggi|MDFR
panimungol|MDFR
pagkasandig|VB
lingkoran|NN
disgrasya|NN
lokal/|NN
november|FW
2012/|NMBR
ailene|NN
refuerzo|FW
papanginanuon|VB
pinag-usa|VB
food|FW
drug|FW
administation|FW
fda|NN
department|FW
of|FW
trade|FW
industry|FW
dti|NN
mulayan|NN
ginbabaligya|VB
magkaduru-dilain|MDFR
establisyemento|NN
eugenia|FW
castillote|FW
oic|FW
supervisor|FW
kinada|VB
masiguro|VB
talwas|VB
ig-regalo|VB
kapaskuhan|NN
nagtitikaapiki|MDFR
monitoring|FW
attention|FW
guinsumat|VB
papanginauon|VB
labeling|FW
dapat|IJTN
gamiti|VB
pintar|NN
makahilo|VB
ginsasagdonan|VB
manmaralit|NN
basahon|VB
tatak|NN
lungga|NN
hagkot|MDFR
kaumagahon|MDFR
toktogaok|VB
papanhimutang|MDFR
hinabo|VB
nanumdun|VB
marata|VB
barong|NN
nakikihuron|VB
glass|FW
nagkakabug-ong|VB
tatabunan|VB
tutolo|NMBR
kalalakinan|NN
makamata|VB
diamante|NN
pagkataktak|VB
arin|IJTN
ngisi|VB
pagka-aga|NN
ireskwela|VB
mag-i-inurugyag|VB
mayor-mayor|NN
kabugtu-an|NN
kakalabanon|VB
hagbubu|MDFR
nanumdum|VB
masasamad|VB
kuligi|NN
matawag|VB
mapansin|VB
bitu-on|NN
nagtitikawara|MDFR
naagum|VB
balbag|NN
pagsakit|MDFR
manga|NN
pagpuyo|VB
hinagurong|VB
hata-as|MDFR
haranat|NN
u-unanhon|NGT
makahunahuna|VB
sulosyon|MDFR
magmamata|VB
mapaki-ana|VB
ayos|IJTN
ghap|IJTN
alkansiyahan|NN
sinsilyo|MDFR
tiniruk|VB
sampit|VB
abaka|NN
hadki|VB
magkamay|DT
kabubuwason|NN
tagsa-tagsa|MDFR
inintindi|VB
nakakaistorya|VB
nanunumdum|VB
pagtangis|VB
nahinuha|VB
hon|FW
laktaw|VB
papa|NN
oho|IJTN
mamulay|VB
nau-urhi|MDFR
nakangisi|VB
matagampatan|VB
tipa|DT
kaganak|NN
lalake|NN
elsa|NN
mary|NN
pagkatok|VB
yiyinakan|VB
hangkupan|VB
gimagugurangi|MDFR
hunahuna-an|VB
birthday|FW
sakripisyo|MDFR
kundiri|DT
makakatrabaho|MDFR
magkakaasawa|VB
uncle|FW
shin|FW
ina|NN
tipahalapit|MDFR
wave|FW
ugayon|VB
nakakabisita|VB
segundo|NN
tumuro|VB
pahid|VB
kapansin|VB
pagabot|VB
huminga|VB
a-anhi|DT
pagpapasalamat|VB
hinduro|IJTN
mimingaw|VB
okey|IJTN
kadamo-damo|MDFR
sana|IJTN
nabalus|VB
namun|PNN
hmmmp|IJTN
kailangan|IJTN
solusyon|MDFR
habang|IJTN
nagtitinangos|VB
mahimu|VB
magtangis|VB
nagaaragtubangay|VB
kakairistorya|VB
frustrated|FW
pakuri|NN
makakalakat|VB
yiynakan|VB
tapo|VB
duma-op|VB
auntie|FW
nasusubo|MDFR
nangita|VB
basa|VB
loving|FW
memory|FW
our|FW
beloved|FW
sister|FW
alvarez|NN
august|FW
1983-|NMBR
october|FW
death|FW
anniversary|FW
magkaka|DT
yehey|IJTN
nagkirigta-ay|VB
nagtinawa|VB
yawitan|VB
guma-an|MDFR
hangkopan|VB
makaka|DT
balyu|VB
kuri-an|MDFR
kamatu-uran|MDFR
baraka|IJTN
15th|NMBR
kapas|MDFR
hataasay|MDFR
habubu|MDFR
kahagkot|MDFR
umagahon|MDFR
oktubre|NN
resolusyon|NN
balikun|VB
doktor|NN
magpa|DT
opera|NN
gugustohun|VB
magpakamatay|VB
kaysa|DT
gastuhon|VB
habilin|NN
bantayi|VB
kikinita-an|VB
pagbasulan|VB
importanti|MDFR
safe|FW
nabalyu-an|VB
ka-lamrag|MDFR
tu-tulo|NMBR
nagtitikaharayo|MDFR
kalamragan|MDFR
napunu|VB
karagtatawa|VB
kunharayo|IJTN
pahuway|VB
hinumduma|VB
test|FW
faith|FW
pagpruyba|VB
pagtu-o|VB
lyndel_lauron|NN
joy|FW
nakakaupay|MDFR
makahatag|VB
karl|NN
menninger|VB
hinahagkot|MDFR
wes|FW
anderson|FW
midya|MDFR
marso|NN
nueve|FW
sientos|FW
nubentay|NMBR
maloko|VB
trentay|FW
ministro|NN
carmichael|FW
sacramento|NN
california|FW
nakahuman|VB
pakigtitirok|VB
pastor|NN
kongregasyon|MDFR
nagbusa|VB
pakigkita|VB
nag-aaram|VB
pagka-abugado|MDFR
umabat|VB
siyento|NMBR
aksiptar|VB
tiuli|VB
kongregante|NN
dorothy|FW
hearts|FW
idad|MDFR
sitentay|NMBR
preso|MDFR
nakahinga|VB
pakabaro|VB
nasakitan|VB
bubungguun|VB
tuu|IJTN
tagiliran|NN
natamaan|MDFR
naitsa|VB
natumba|VB
semento|NN
nasakit|VB
ambulansya|NN
university|NN
davis|FW
medical|FW
center|FW
nagduhol|VB
permiso|MDFR
maooperahan|VB
utdon|VB
nakaabat|VB
nakaptan|VB
nakapilo|VB
tuud|NN
kautod|VB
nasumat|VB
pa—in|DT
papakurian|VB
natigda|MDFR
pagkiwa|VB
mahapdos|VB
maulul|MDFR
james|FW
allen|FW
napier|FW
basulon|VB
nagdradrive|VB
maprepreso|VB
namumurublema|VB
operasayon|NN
ulat|NN
nautud|VB
naporma|VB
kumuroo|VB
patas|MDFR
reklamu|NN
cook|FW
church|FW
sylvan|FW
oaks|FW
mahigugma|VB
talaga|IJTN
makalilisang|MDFR
panumdum|NN
nakabulig|VB
karawaton|VB
nakaisip|VB
padig-unon|VB
pagtuo|NN
planu|VB
ciring|VB
cidngon|VB
nawaray|VB
reporter|NN
bee|NN
simpli|MDFR
pagbalita|VB
napa|DT
malay|NN
virginia|FW
bruegger|FW
dyaryo|NN
disi|DT
kamalasan|NN
naandar|VB
abuti|VB
nag-aram|VB
halos|IJTN
diskanso|VB
diploma|NN
behavioral|FW
diidto|PSTN
eksamin|FW
kulangan|VB
steven|FW
naidad|VB
disisais|NMBR
nagkasakit|VB
nagdadagmit|MDFR
nasingadto|VB
isip|NN
makatrabaho|VB
nabasa|VB
unahan|VB
nautdan|VB
aksidente|NN
awto|NN
dios|NN
napansin|VB
kowts|FW
mag-ukoy|VB
ispirituhanun|MDFR
nakikigpag|DT
storya|VB
relihiyoso|MDFR
bushton|FW
pagdiborsyo|VB
bagan|IJTN
pagsimba|VB
dina|DT
pag-aga|VB
makigkita|VB
paso|MDFR
mainggat|MDFR
asta|IJTN
naawud—nagpawa|DT
kahimu|NN
pasalamatan|VB
yaraknon|MDFR
sisidingun|MDFR
dinode-|DT
dosena|NMBR
nagtitimpok|VB
istanti|NN
nakadukot|VB
ngaha|IJTN
nagdamu|VB
eskina|NN
nagbasa|VB
ipasabot|VB
aagian|VB
nag-agi|VB
nauubos|VB
naghunahuna|VB
paghuma-huna|VB
egbalik|VB
istudyuhan|VB
makaabat|VB
durudaku|MDFR
nangadto|VB
iginduhol|VB
maglamano|VB
nakiglamano|VB
budlot|MDFR
anai|IJTN
toyu-a|mdfr
tinuyo|mdfr
kasamad|VB
kaguul|MDFR
pataraw-an|MDFR
nagpadara|VB
duwa|NMBR
kumpara|DT
istoryahan|VB
tiarabot|VB
therapy|NN
paki-istoryahan|VB
bunyugan|VB
ginpapadad-an|VB
pagduha|VB
aksidenti|NN
sasabtan|VB
pag-inistoryahon|VB
surprisa|NN
ngungurog|VB
anhi|PSTN
tidaup|VB
letra|NN
kurti|NN
pagluha|VB
madig-un|VB
puthaw|NN
dose-dosena|NMBR
ribbon|FW
namiyuus|MDFR
alagid-agid|MDFR
elementarya|MDFR
pitik-pitik|VB
nagkinampayun|VB
aderson|FW
nakagluha|VB
nagkirigta|VB
pagkaalagid-agid|MDFR
magti-ayun|MDFR
subra|MDFR
kwarenta|NMBR
padaku|MDFR
methodist|FW
nag-intrimis|VB
bumulos|VB
malabad|VB
ginhuman|VB
pagbatunes|VB
natutumba|VB
tipatalikod|VB
umontog|VB
kaduro|MDFR
kaulul|VB
hahambog|MDFR
iuya|IJTN
kaligaringun|NN
paglulugaring|VB
pagduda|VB
kagul-anan|NN
pagpakiana|VB
naayun|VB
kalooy|VB
sidngun|VB
hollywood|FW
important|FW
sukob|VB
mabati-an|VB
woods|FW
national|FW
monument|FW
nahimu|VB
sayup|MDFR
pagbulag|VB
makahimu|VB
nauuna|VB
nalalainan|MDFR
karisyuhan|NN
ginhimu|VB
ilarum|PSTN
bituun|NN
nakapuno|MDFR
lumingkud|VB
fireworks|FW
display|FW
virgin|FW
pasaylu-a|VB
okay|FW
kagawas-gawas|MDFR
emportante|MDFR
kamag|DT
maguba|VB
diri…|IJTN
virgina|FW
pumahirayu…|VB
mabaruan|VB
pagbabantayan|VB
padayun|VB
namati|VB
higugmaun|MDFR
manipis|MDFR
emosyon|NN
higumaun|MDFR
pinakauna|MDFR
nagharukay|VB
nagbulig|VB
pag-iskedyul|VB
pagsirang|MDFR
kapulsanan|mdfr
banwa|NN
artipisyal|MDFR
bitiis|NN
panimbang|VB
kasinahun|NN
pagkabigo|VB
pagruhaduha|VB
humangad|VB
magruhaduha|VB
nakakaabat|VB
naaawod|VB
nahuhulog|VB
mabuhat|MDFR
makurokusog|MDFR
binte|NMBR
siyete|NMBR
gown|NN
napuno|VB
presentasyon|NN
mahulog|VB
tumindog|VB
nagkakaputay|VB
naglalakaton|VB
nakaabot|VB
unbreakable|FW
tingag|MDFR
agila|NN
matinambuligon|MDFR
panawagan|VB
nag-aayat|VB
prinsipe|NN
mapangasawa|NN
interesado|NN
nangabayo|VB
direksiyon|NN
kahibalik|VB
pagkamatinambuligon|VB
ginsasaaran|VB
sunoga|VB
pagkinahanglan|VB
kapatagan|MDFR
nakakulob|MDFR
nakakalupad|VB
ginhilot|VB
makakalupad|VB
ginkuhaan|VB
kaburot-on|NN
maharani|VB
magikan|VB
pangangabayo|VB
nagsusubaybay|VB
kabayotan|NN
nahiagian|VB
nagpupulupuko|VB
binabasaran|NN
ngirit|MDRF
magkinahanglan|VB
tubora|VB
pangabayo|VB
nahiabotan|VB
pag-anunsiyo|VB
ginpruybahan|VB
tampalasan|MDFR
mangangabayo|VB
napakyas|VB
tutugotan|VB
madara|VB
papupugotan|VB
iginsasaad|VB
pamulong|VB
iginluwas|VB
nagpapakiana|VB
nagpakadto|VB
sunugon|VB
gintuman|VB
banga|MDFR
masaksihan|VB
pagpugot|VB
entablado|NN
namulagdat|MDFR
matauhan|VB
tutumanon|VB
pagpakasal|VB
makakuha|VB
kondisyon|MDRF
pumakadto|VB
tudlok|VB
naka-andam|MDRF
nagkaproblema|VB
ginsunog|VB
nagka-abot|VB
manginano|VB
pagliwan|VB
likod|VB
kahipausa|VB
nahikit-an|VB
napapas|VB
katapos-taposan|VB
igpakasal|VB
pagsalpak|VB
naliwnan|VB
sumusunod|VB
trono|NN
mahihitabo|VB
balete|NN
maul-ol|MDFR
mahinumduman|VB
paglupad|VB
sumangpit|VB
pinakahalarom|MDFR
nakaka-istorya|VB
makakadtuan|VB
ginugul-an|VB
tututduan|VB
tutdo|MDFR
igbibilin|VB
nakalingkod|VB
sinama|VB
kikiwa|VB
ginlabtan|VB
maagahon|MDFR
bisperas|MDFR
Dodong|NN
Imelda|NN
alarm|NN
clock|NN
nagsasampit|VB
ginbubutang|VB
panaderya|NN
atubang|MDFR
ipamahaw|VB
sasawsaw|VB
tsokolate|NN
kadalanan|VB
nan-ngangaturog|VB
titarabok|VB
pakakakita|VB
tumubo|VB
Capiz|NN
pagtan-aw|VB
tinatago|VB
mahangin-hangin|MDFR
ginduduyog|VB
tikaruba|VB
atup|NN
tikarumpag|VB
andanas|MDFR
baraligyaan|VB
pasagdan|VB
madunot|MDFR
paukyan|VB
pinarte-parte|VB
tinapuran|MDFR
pagsiplat|VB
nag-aalog|VB
bomba|NN
tinabok|VB
dalaganon|VB
metro|MDFR
aragian|NN
nakasanayan|VB
masina|MDFR
Dong|NN
maniningba|VB
mapasyada|VB
Mall|NN
Jollibe|NN
iginbilin|VB
ginikanan|VB
nagdagkot|VB
naglalaray|VB
manogbanog|NN
tipa-uli|VB
regalohan|VB
ginhihinimo|VB
igpapalupad|VB
langaw|NN
pagtinawaan|VB
kamamulay|VB
young|FW
nagtitinawa|VB
nagpapara|VB
dyip|NN
magpakabuhi|VB
kamanokan|NN
napa-usa|VB
ginsasarusaruan|VB
iro-irognom|VB
pagkaranta|VB
karaoke|NN
nagtitikaharani|VB
balyuan|VB
ginsablay|VB
pagkahimo|VB
ginamit|VB
pagkoral|VB
taramnan|MDFR
lote|NN
nag-aataman|NN
tanom|NN
iginbabaligya|VB
kaharani|MDFR
nakakakurukwartahay|VB
halin|VB
idaran|MDFR
garastohan|MDFR
nagnginginurutob|MDFR
nakakabulig-buligay|VB
dinamo|MDFR
panmukad|MDFR
sunflowers|NN
igintanom|VB
koral|NN
gintanom|VB
bokasyonal|NN
nadudungog|MDFR
nauurit|MDFR
gintatanom|VB
nim|DT
dugangan|VB
masurong|MDFR
pagkinaragi|VB
taranuman|MDFR
pamukad|MDFR
gwagwardiya|VB
napasaringsing|VB
nahiyom|VB
disenyohan|VB
sunflower|FW
smiley|FW
gunting|NN
pirde|MDFR
hulagtob|MDFR
tarong|NN
paghiyom|VB
higlaba|MDFR
panhunahunaon|VB
ginhatak|VB
ginpapangita|VB
mapapalupad|VB
nagdayaw|VB
nadugangan|VB
ginpalupad|VB
basketbolan|MDFR
subdibisyon|NN
popoy|NN
kinagat|VB
linupad|VB
madig-on|MDFR
humataas|VB
masirumsirom|MDFR
nagtitikahuman|VB
karisyohan|VB
nag-iirignom|VB
nangamin|VB
kasaro|MDFR
panihapon|VB
kaapoyan|NN
ibaradlis|NN
nahinunumdom|VB
nagkasaro-saro|VB
Magda|NN
sori|NN
ginsisante|VB
masusudlan|VB
gindugangan|VB
nahi-ara|VB
manhunahuna|VB
napupugngan|VB
ginbabati|VB
pagtalikod|VB
sinupo|MDFR
hiyom|VB
namusurot|MDFR
pagkit-on|VB
magkaiba|VB
pahinumdumon|VB
magpapalista|VB
iskwelahan|NN
pagkabuwas|VB
nagsaro|VB
high|FW
school|NN
kaguol|VB
nasangpit|VB
huringay|VB
tinalikod|VB
hinsabtan|VB
pinahuway|VB
hinbati-an|VB
naghinayhinay|VB
ulunan|NN
makakagi-os|VB
ngangarat|VB
magmata|VB
nakakakiwa|VB
pakahibaro|VB
binunok|MDFR
nakalakat|VB
trabahuan|MDFR
nagpipinanlaba|VB
igbumba|VB
pag-alog|VB
ikakarigo|VB
nasisina|VB
nabantayan|VB
reaksyon|MDFR
nasukob|MDFR
iginbibilin|VB
kamanghuran|VB
paki-ana|VB
paghaw-as|VB
nanlaya|VB
atake|VB
nagtatago-tago|VB
naduyog|VB
hinbaruan|VB
hikalimtan|VB
pag-ukay|VB
pamurubuot|MDFR
sisiguruon|VB
makarag|VB
nabibilin|VB
mamalahimuon|VB
magpapa-apekto|VB
nagpinanlimpyo|VB
limpyohan|VB
presensya|MDFR
lapis|NN
ginsurat|VB
naadman|VB
gintiniklop|VB
iginhigot|VB
papaluparon|VB
hangyop|VB
mauutod|VB
gintitinawag|VB
magmulay|VB
nagpipinanahi|VB
tinangdo|VB
kumarida|VB
napalupad|VB
tinurosan|VB
kontento|MDFR
gingaod|VB
poste|NN
nakigmulay|VB
linabay|VB
lupadlupad|VB
pagtinawag|VB
ginsigngan|VB
magbantay|VB
ginbinusaan|VB
katurog|VB
masabot|VB
paghigot|VB
makabuhi|VB
paghihigtan|VB
nalangot|VB
kapugngi|VB
ngurutob|MDFR
hihigtan|VB
kadena|NN
ginkwentas|VB
hinapa|VB
bentilador|NN
li-og|NN
maaabat|MDFR
igkadena|VB
nagproyba|MDFR
nangingispeho|MDFR
gindali-dali|VB
pugngan|VB
kahulog|VB
pagtamod|VB
ginkab-it|VB
matugnaw|VB
nagtikahinay|MDFR
nagtitipauli|VB
utod|MDFR
bilngon|VB
nagdadakop|VB
naglilinanat|VB
sumatan|VB
nakalupad|VB
kinukugos|VB
nakalit|VB
kinulba|MDFR
he|DT
haeya|DT
heya|DT
pagsakub|VB
neya|DT
meda|DT
genkit-an|VB
genpakianhan|VB
in-o|NTRG
preo|NN
babataun|VB
gen|DT
kuroskus|VB
bhen|NN
malik|CLTC
gimuliat|VB
dayun|VB
gensumatan|VB
pera|CLTC
tag-eya|NN
nahadluk|VB
ne|DT
bumalhen|VB
kimberly|NN
ma-alas|MDFR
magdinamo|VB
magpinaiha|VB
pag-ayos|VB
mauntat|VB
pamustura|VB
nakag-ahit|VB
nanludgod|VB
buring|NN
pamada|VB
kagagawasan|VB
bumibilib|VB
spooting|FW
blackwater|FW
ma|DT
nahingatook|VB
naikangirisi|VB
gisiya-syahani|VB
nagdalipapanos|VB
magsayop|VB
kaisugon|MDFR
hinabang|VB
po|CLTC
senyasi|VB
magkadiru-dilain|MDFR
ifm|FW
nakikiduyog|VB
aabot|VB
kontaloy|VB
tumapo|VB
kahigrani|MDFR
ka-swerte|NN
celluloid|FW
nakakarapo|VB
i|FW
labidabs|NN
nagpapanarit-sarit|VB
abitapa|IJTN
pupukuon|VB
magpinapiraw|VB
tumawa|VB
intawon|VB
katurugon|NN
pag-eksplekar|VB
ginnenerbyos|VB
makagsiring|VB
nababatasan|NN
deadma|NN
ka-strikto|NN
ka-tuptop|VB
igkalipay|VB
igkasakit|VB
masyado|CLTC
ginsaribuhan|VB
namiminggot|VB
ok|CLTC
langkawag|MDFR
o-oo|IJTN
nagliningkuron|VB
mangaway|VB
akseptaron|VB
nagdudumot|VB
ginpatindog|VB
naniniskig|MDFR
gin-ayos|VB
pan-model|MDFR
ron|NN
sss-sangkay|NN
tono|NN
tag-usa-usahon|VB
hisayuran|VB
nanlingi|VB
ma-drawing|VB
kahibatii|VB
makikigkita|VB
sumiplat|VB
letse|IJTN
kamaoo|NN
nakukukuntento|VB
naghihinikbion|VB
sindo|CJTN
kahibulag|VB
kadaliay|MDFR
tumiskig|VB
manor|NN
sangpat|NN
hanu|NTRG
ota|NN
cho|NN
ragtog-it|MDFR
sakla|VB
onsoy|NN
kumo|MDFR
agod|VB
lindong|VB
gusting|NN
subay|VB
pantiyon|VB
gupong|MDFR
konsoylo|VB
hurob-hurob|VB
derby|NN
pajero|NN
tugbang|VB
salamagan|VB
umurudto|NN
panaghap|NN
kumabad|VB
talintuturo|NN
nagkabuslong|VB
nagkilalaay|VB
ambi|NN
uruambi|NN
kulaos|VB
dedbol|NN
mag-eskrima|VB
pagpinanmenggar|VB
bengar|VB
sunlog|VB
tiaw|NN
ginmuop|VB
kapisuan|NN
kumon|NN
pagkurahab|VB
buyaboy|VB
bahalina|NN
madunong|NN
kalanoy|VB
hinaranting|VB
samarkay|NN
kapin|NN
karuhaan|MDFR
sininggolay|VB
pinsing|NN
unahanin|MDFR
manungdo|VB
eskrima|NN
nakatapang|VB
pagkakatpong|VB
adton|MDFR
nahirasok|VB
sumala|NN
manhilandong|VB
a-asi|IJTN
hna|IJTN
nagkahudlog|VB
mama-an|NN
daawla|CLTC
halapit|NN
jin|NN
ana|NN
guli|NN
maaraam|NN
himon|NN
pantion|FW
baro|NN
tagpis|NN
mahapuhap|NN
ul|IJTN
gadto|MDFR
hs|IJTN
maidangat|VB
burok|NN
kansas|VB
nagtiakang|VB
h|IJTN
matipaunan-o|NTRG
kanauuna|VB
nag-aanu|NTRG
atabang|VB
tinang|NN
muir|MDFR
pagkabawhan|MDFR
intindindi|VB
resolsuyon|NN
ulitawohay|NN
maghugos|VB
dakop-dakopay—pero|VB
guin-pakalma|VB
guin-papabay-an|VB
babariwaray|VB
nano|IJTC
sa|DT
amon|PNN
san|DT
kun|DT
kaarogan|NMBR
segun|VB
eksperyensya|NN
sin|DT
nagkuriot|VB
nagruha-duha|DT
lalaksihon|MDFR
hihinayon|MDFR
paglakaw|VB
nanggirabo|MDFR
nahipatulon|MDFR
sin-o|PNN
man-aram|
badang|NN
tay|NN
gunyong|NN
nay|NN
tinuko|VB
sito|DT
putok|NN
pagdul-ong|VB
selyado|MDFR
nagpuruptok|MDFR
ginhihimoan|VB
poyde|MDFR
nga—diyos|NN
kabugtoan|NN
nakakarawan|VB
tipa-baryo|VB
paghangos-hangos|MDFR
nalalain|MDFR
nagtitigdulot|VB
hinumdoman|NN
komo|DT
san—tubtob|PNN
antes|DT
puruptok|NN
nagtitigdako|MDFR
kinipat|VB
sayo|PNN
palamiraw|MDFR
nagsasaralakot|MDFR
rapa-dapa|NN
dumalagan|VB
olaling|MDFR
kortong|MDFR
tingali|VB
ig-inop|VB
kuno—di|DT
Katsisin-o|PNN
rason|NN
ginbubukod|MDFR
ngirisi|NN
ginlapay|MDFR
kaurogan|NMBR
miyembro|NN
iiba|MDFR
pakigkuntisay|VB
pang-arti|MDFR
motion|FW
matuodsiring|NN
koit|DT
babyngan|DT
balo|VB
naguliatan|MDFR
naato|VB
daku|MDFR
nagkakahahadlok|MDFR
tawu|NN
namimingaw|MDFR
kinabuhingan|NN
kaharok|NN
huan|NN
haroan|NN
ginsulud|VB
ngatan|NMBR
naghulat|VB
maygad|DT
lalaki|NN
nakokontakt|FW
vliff|NN
anak|NN
kAsangkayan|NN
kakaasawa|VB
brotsa|NN
nababaling|VB
hiya|PNN
sinyang|DT
nganhe|PNN
guin-abat|VB
guin-kukulba|MDFR
rebacca|NN
guin-kuha|VB
stathis|FW
pagkaestorya|VB
guin-aabat|NN
masulob-on|MDFR
guin-papakita|MDFR
mailob|MDFR
guin-huhunahuna|NN
guin-aatubang|NN
beck|NN
guin-hihigugma|MDFR
guin-pakita|VB
guin-padara|VB
sapatos|NN
maangay|MDFR
guin-kakapoy|MDFR
guin-tutumar|MDFR
guin-yayaknan|MDFR
kahigugmaon|MDFR
guin-sisingabot|MDFR
guin-hahatag|MDFR
nakapantulon|MDFR
guin-panhunahuna|VB
guin-duhol|VB
guin-abrehan|VB
nimu|NN
baya-e|VB
guin-buhat|VB
nga|DT
herani|MDFR
anuman|NMBR
kabasahe|NN
iguin-balik|VB
guin-sul-ot|VB
kubtob|DT
tatagan|VB
ako|PNN
nahaanod|MDFR
gehapon|MDFR
uma|NN
han|DT
kaestorya|NN
ngani|DT
nakaon|VB
maglipayun|MDFR
hira|PNN
era|PNN
gen-uukyan|MDFR
eya|PNN
bumal|MDFR
hen|DT
granda|FW
murto|NN
mada|NN
piritan|NN
paonan-o|MDFR
karsada|NN
tagaan|VB
ukoy-ukoy|NN
higlalaba|MDFR
hanin|DT
akon|PNN
lokal|NN
agud|DT
on|FW
kalalakin|MDFR
aring|DT
pansin|NN
doble|NMBR
maaaram|MDFR
sumuring|VB
pagkatak|VB
hunhuna-an|NN
ura|NN
him|FW
salamat-salamat|IJTN
kumuro|NMBR
bibit|NN
nainggat|MDFR
ngha|DT
bunlot|NN
nag-intsimis|VB
virgini|FW
nagdali|MDFR
pagdaup|VB
kahadluk|NN
naaawud|MDFR
ecclesiastes|FW
makalolooy|MDFR
dumamu|NMBR
bond|FW
kadtoon|VB
ginhadi-an|NN
nagpupulu-puko|VB
gin-aparan|VB
ukig|NN
sadto|DT
ginkuha-an|VB
marahibo|NN
bulawanon|MDFR
mangina-hanglan|MDFR
nagsusubay|VB
kabaybayonan|NN
kabarasan|NN
nabatasan|NN
sino|PNN
kahigayon|NN
apisar|NN
pakyas|NMBR
señor|FW
patapod|NN
paananohon|MDFR
nagparahunahuna|VB
sunogon|VB
anano|DT
gumikan|VB
pagkinahanglanon|MDFR
kalamposan|NMBR
matuohan|MDFR
pagduha-duha|VB
bueno|FW
nagproblema|VB
pagsupak|VB
naliwanan|MDFR
paghibalik|VB
sumangpot|VB
pinakahalarum|MDFR
gingugul-an|MDFR
tutut-duan|VB
tut-do|NN
kung|FW
spiritu|NN
labtan|VB
amagahon|DT
panaderia|NN
atbang|DT
pan|PT
narururasa|FW
nangngangaturog|VB
inmukoy|MDFR
kapiz|MM
nahangin-hangin|MDFR
naagutiot|MDFR
ginduduyugan|MDFR
tikarukba|NN
bumba|NN
agi-anan|NN
naka-anaran|NN
ano’t|NTRG
sigi|IJTN
pagpapasyada|MDFR
jollibee|NN
guti-ay|MDFR
celebrasyon|FW
ang|DT
lingaw|NN
kamulay|NN
wans|NN
pangnguli|MDFR
oro-irignom|NN
balyoan|VB
tanum|VB
nakakakuruwartahay|MDFR
kinaadlaw|DT
nagnginginorotob|MDFR
nakakabulig-bulig|MDFR
taga-hipos|NN
himoon|VB
berde|MDFR
granate|FW
hantak|NN
postorawo|NN
bacante|MDFR
igin-undong|VB
nangamen|VB
nahihinumdum|MDFR
nanhipig|VB
nahi-ara|MDFR
maparalit|NN
nagmumurosot|MDFR
esKwelahan|NN
katutnga|NMBR
tikarokba|MDFR
nagkokonsyerto|VB
huringngay|NN
tinalikog|VB
hinkikilal-an|VB
pagtabon|VB
trabahoan|NN
nakikigminulay|VB
iyan|DT
pamorobuot|NN
sisiguroon|VB
malalahimoon|VB
mamimirkado|VB
abot|DT
ikadena|VB
nangalot|VB
anon|NN
ginhapuhapan|VB
espeho|NN
iginkab-it|VB
nangngispeho|VB
nakitnan|VB
kurahab|NN
iglalambid|VB
hingkit-an|VB
nagtitikarosa|VB
kalit|MDFR
