an|DT,manugbanug|NN,ni|DT,dodong|NN
an|DT,panaderia|NN,nakada|VB,la|CLTC,ha|DT,ira|PNN,atbang|DT
nagdali-dali|VB,hiya|PNN,pagpalit|VB,hin|IJTN,pan|PT,de|DT,sal|OOV,kay|CJTN,marasa|VB,ini|PNN,nga|DT,ipamahaw|VB,kun|DT,mapaso|MDFR,pa|CLTC,ngan|CJTN,kun|DT,gin|CJTN,sasawsaw|VB,ha|DT,tsokolate|NN,–|?,narururasa|FW
mamingaw|MDFR,pa|CLTC,an|DT,kadalanan|VB,hini|PNN,nga|DT,oras|NN,",|?",labi|DT,na|RP,kay|CJTN,domingo|MDFR,ngan|CJTN,nangngangaturog|VB,pa|CLTC,an|DT,iba|MDFR,nga|DT,tawo|NN
titarabok|VB,na|RP,unta|IJTN,hiya|PNN,pero|CJTN,inmukoy|MDFR,anay|MDFR,kay|CJTN,baga|MDFR,hin|IJTN,pakakakita|VB,pa|CLTC,la|CLTC,niya|PNN,han|DT,balay|NN,kun|DT,diin|PNN,hiya|PNN,natawo|VB,ngan|CJTN,tumubo|VB,hini|PNN,nga|DT,naglabay|NN,nga|DT,trese|NMBR,ka|PNN,tuig|NN
sarado|VB,an|DT,mga|MDFR,bintana|NN,nga|DT,himo|VB,hin|IJTN,kapiz|MM,pati|MDFR,an|DT,ira|PNN,portahan|NN,nga|DT,nakada|VB,ha|DT,butnga|MDFR,han|DT,ubos|VB,han|DT,balay|NN
ha|DT,iya|PNN,pagtan-aw|VB,daw|MDFR,nawong|NN,ini|PNN,hin|IJTN,usa|NMBR,ka|PNN,lagas|MDFR,nga|DT,babaye|NN,nga|DT,may|MDFR,tinatago|VB,nga|DT,sikreto|MDFR
kun|DT,gab-i|NN,liwat|CLTC,",|?",usahay|MDFR,makaharadlok|MDFR,labi|DT,na|RP,kun|DT,nahangin-hangin|MDFR,kay|CJTN,an|DT,mga|MDFR,kakahoyan|NN,naagutiot|MDFR,ngan|CJTN,ginduduyugan|MDFR,an|DT,aringasa|NN,han|DT,tikarukba|NN,nga|DT,sin|DT,didto|MDFR,han|DT,atup|NN
an|DT,tag-iya|NN,hini|PNN,nga|DT,tikarumpag|VB,nga|DT,dos|NMBR,andanas|MDFR,nga|DT,balay|NN,",|?",amo|MDFR,an|DT,agaron|VB,ni|DT,iya|PNN,lolo|NN,ha|DT,baraligyaan|VB,han|DT,libro|NN,ngan|CJTN,iba|MDFR,pa|CLTC,nga|DT,gamit|VB,ha|DT,eskwelahan|NN,ngan|CJTN,opisina|NN
imbis|MDFR,nga|DT,pasagdan|VB,an|DT,balay|NN,nga|DT,madunot|MDFR,–|?,gin|CJTN,paukyan|VB,ini|PNN,han|DT,mga|MDFR,empleyado|NN,han|DT,tindahan|NN
gin|CJTN,pinarte-parte|VB,ini|PNN,para|CJTN,ha|DT,lima|NMBR,ka|PNN,panimalay|NN
an|DT,iya|PNN,lolo|NN,nga|DT,tinapuran|MDFR,han|DT,tag-iya|NN,",|?",an|DT,naukoy|VB,han|DT,katunga|NN,han|DT,ubos|VB
han|DT,sunod|MDFR,niya|PNN,pagsiplat|VB,",|?",nakadto|VB,na|RP,an|DT,iya|PNN,lola|NN,nga|DT,nag-aalog|VB,hin|IJTN,tubig|NN,didto|MDFR,han|DT,bumba|NN
dali-dali|ADVB,hiya|PNN,nga|DT,tinabok|VB,ngan|CJTN,haros|MDFR,dalaganon|VB,an|DT,walo|NMBR,ka|PNN,metro|MDFR,nga|DT,agi-anan|NN,tikang|MDFR,ha|DT,dalan|NN,ngadto|DT,han|DT,ira|PNN,portahan|NN
iya|PNN,na|RP,gud|CLTC,naka-anaran|NN,nga|DT,buligan|VB,hi|DT,iya|PNN,lola|NN,ha|DT,bisan|MDFR,ano|PNN,nga|DT,trabaho|NN,para|CJTN,diri|MDFR,ini|PNN,pirmi|CJTN,masina|MDFR,ha|DT,iya|PNN
maupay|MDFR,nga|DT,aga|NN,",|?",‘|?,la|CLTC
siring|VB,ni|DT,dodong|NN
ako|PNN,na|RP,la|CLTC,an|DT,magdadara|VB,hit|IJTN,tubig|NN,ha|DT,sulod|NN
oy|IJTN,",|?",‘|?,dong|NN,–|?,happy|MDFR,birthday|FW,!|?,sigi|IJTN,",|?",kahuman|CJTN,naton|DT,pamahaw|NN,karigo|VB,na|RP,kay|CJTN,maniningba|VB,kita|MDFR,ngan|CJTN,magpapasyada|OOV,didto|MDFR,ha|DT,mall|NN
amo|MDFR,an|DT,malipayon|MDFR,nga|DT,baton|VB,han|DT,lola|NN
pagsulod|VB,niya|PNN,",|?",gin|CJTN,hangkop|MDFR,dayon|MDFR,hiya|PNN,han|DT,iya|PNN,lolo|NN,nga|DT,dayon|MDFR,nagyakan|VB,",|?",oy|IJTN,",|?",ulitawo|NN,na|RP,it|IJTN,akon|PNN,apo|NN,!|?,dodong|NN,",|?",mangangaon|VB,kita|MDFR,didto|MDFR,ha|DT,jollibee|NN,kay|CJTN
kinahanglan|MDFR,mayda|MDFR,guti-ay|MDFR,nga|DT,celebrasyon|FW
duro|IJTN,an|DT,kalipay|NN,han|DT,bata|NN,nga|DT,iginbilin|VB,han|DT,nanay|NN,ha|DT,ira|PNN,han|DT,pagkatawo|NN,hini|PNN
han|DT,nagtutubo|MDFR,na|RP,hiya|PNN,",|?",waray|MDFR,adlaw|NN,nga|DT,di|CJTN,hiya|PNN,nagpapasalamat|VB,han|DT,diyos|NN,nga|DT,gin|CJTN,karawat|VB,hiya|PNN,han|DT,ginikanan|VB,ni|DT,iya|PNN,nanay|NN
sanglit|CJTN,",|?",kahuman|CJTN,han|DT,misa|NN,",|?",nagdagkot|VB,hiya|PNN,hin|IJTN,trese|NMBR,nga|DT,kandila|NN,pagpakita|VB,hini|PNN
paggawas|VB,nira|PNN,ha|DT,mall|NN,",|?",may|MDFR,mga|MDFR,naglalaray|VB,nga|DT,iba-iba|MDFR,nga|DT,klase|NN
hin|IJTN,manogbanog|NN,ha|DT,daplin|NN,han|DT,karsada|NN
waray|MDFR,dayon|MDFR,hira|PNN,sumakay|VB,tipa-uli|VB,kay|CJTN,karuyag|MDFR,ni|DT,iya|PNN,lolo|NN,regalohan|VB,hiya|PNN,hin|IJTN,usa|NMBR
ay|IJTN,na|RP,la|CLTC,‘|?,lo|OOV
natapos|VB,ko|PNN,na|RP,ang|DT,akon|PNN,ginhihinimo|VB
maupay|MDFR,liwat|CLTC,adto|PNN,hin|IJTN,duro|IJTN
igpapalupad|VB,ko|PNN,adto|PNN,niyan|MDFR
updi|VB,ako|PNN,kon|CJTN,waray|MDFR,ka|PNN,iba|MDFR,nga|DT,lingaw|NN,ha|DT,?|?
sus|IJTN,",|?",‘|?,dong|NN,–|?,bangin|MDFR,pagtinawaan|VB,la|CLTC,ako|PNN,hit|IJTN,imo|DT,mga|MDFR,kamulay|NN,kay|CJTN,young|FW,wans|NN,na|RP,ako|PNN
baton|VB,han|DT,iya|PNN,apoy|NN,nga|DT,nagtitinawa|VB
nagpapara|VB,hin|IJTN,dyip|NN,an|DT,iya|PNN,lola|NN,",|?",nga|DT,dayon|MDFR,siniring|VB,",|?",pangnguli|MDFR,na|RP,kita|MDFR,kay|CJTN,bangin|MDFR,magpakabuhi|VB,an|DT,aton|IJTN,mga|MDFR,kamanokan|NN
pag-abot|VB,nira|PNN,",|?",may|MDFR,katitirok|VB,didto|MDFR
nakadto|VB,an|DT,mga|MDFR,nangungukoy|VB,dida|PNN,ha|DT,igbaw|MDFR,han|DT,balay|NN
napa-usa|VB,hira|PNN,kay|CJTN,nakadto|VB,liwat|CLTC,an|DT,iya|PNN,nanay|NN,ngan|CJTN,mga|MDFR,manghod|NN
an|DT,iya|PNN,tiyo|NN,nga|DT,bugto|NN,han|DT,iya|PNN,nanay|NN,",|?",na|RP,didto|MDFR,gihapon|CJTN
hiya|PNN,an|DT,nagdara|VB,han|DT,mga|MDFR,pagkaon|VB,nga|DT,ira|PNN,ginsasarusaruan|VB
nagtikang|VB,na|RP,pati|MDFR,hira|PNN,hin|IJTN,oro-irignom|NN,ngan|CJTN,pagkaranta|VB,ha|DT,karaoke|NN
han|DT,nagtitikaharani|VB,na|RP,hira|PNN,dodong|NN,",|?",gin|CJTN,balyoan|VB,hin|IJTN,‘|?,happy|MDFR,birthday|FW,to|CJTN,you|FW,’|?,an|DT,kanta|NN
kahuman|CJTN,ni|DT,dodong|NN,pagpasalamat|VB,",|?",sinulod|VB,hiya|PNN,pagliwan|VB
ginkuha|VB,niya|PNN,an|DT,iya|PNN,manogbanog|NN,kun|DT,diin|PNN,niya|PNN,ini|PNN,ginsablay|VB
maupay|MDFR,gud|CLTC,an|DT,pagkahimo|VB,hini|PNN,tikang|MDFR,han|DT,sobra|NN,nga|DT,kawayan|NN,nga|DT,ginamit|VB,para|CJTN,pagkoral|VB,han|DT,ira|PNN,taramnan|MDFR,dida|PNN,han|DT,bakante|ADJV,nga|DT,lote|NN
hiya|PNN,an|DT,nag-aataman|NN,han|DT,mga|MDFR,tanum|VB,nga|DT,utanon|NN,nga|DT,ira|PNN,iginbabaligya|VB,ha|DT,mga|MDFR,kaharani|MDFR,ngan|CJTN,mga|MDFR,umaragi|MDFR
nakakakuruwartahay|MDFR,hira|PNN,tikang|MDFR,han|DT,halin|VB,hini|PNN
bisan|MDFR,diri|MDFR,pagud|CJTN,hiya|PNN,idaran|MDFR,",|?",naaabat|MDFR,na|RP,niya|PNN,nga|DT,diri|MDFR,harumamay|IJTN,an|DT,mga|MDFR,garastohan|MDFR,nira|PNN,kinaadlaw|DT
usahay|MDFR,nakakabati|VB,hiya|PNN,kan|DT,iya|PNN,lola|NN,nga|DT,nagnginginorotob|MDFR,han|DT,ka|PNN,mahal|MDFR,han|DT,mga|MDFR,papliton|NN
sanglit|CJTN,malipayon|MDFR,hiya|PNN,nga|DT,nakakabulig-bulig|MDFR,hiya|PNN,han|DT,ira|PNN,pakabuhi|NN
an|DT,ira|PNN,mga|MDFR,suki|DT,nga|DT,mamaralit|NN,mas|MDFR,dinamo|MDFR,pa|CLTC,han|DT,panmukad|MDFR,han|DT,mga|MDFR,sunflowers|NN,nga|DT,iya|PNN,igintanom|VB,palibot|NN,han|DT,koral|NN
nanumdum|VB,hiya|PNN,hadton|IJTN,adlaw|NN,nga|DT,iya|PNN,ini|PNN,gintanom|VB,tikang|MDFR,han|DT,mga|MDFR,liso|NN,nga|DT,hinatag|VB,han|DT,maestro|NN,niya|PNN,ha|DT,bokasyonal|NN
nadudungog|MDFR,pa|CLTC,niya|PNN,an|DT,nauurit|MDFR,nga|DT,kayakan|NN,han|DT,iya|PNN,lola|NN
ano|PNN,’|?,t|OOV,gintatanom|VB,nim|DT,dida|PNN,?|?
han|DT,pagsumati|VB,niya|PNN,",|?",siniring|VB,liwat|CLTC,–|?,ano|PNN,?|?,maupay|MDFR,pa|CLTC,kung|FW,dugangan|VB,mo|NN,it|IJTN,mga|MDFR,utanon|NN,kay|CJTN,masurong|MDFR
ayaw|MDFR,pagkinaragi|VB,it|IJTN,tuna|NN,nga|DT,taranuman|MDFR
pagtikang|VB,pamukad|MDFR,han|DT,sunflowers|NN,",|?",baga|MDFR,hira|PNN,hin|IJTN,mga|MDFR,sundalo|NN,nga|DT,nag|CJTN,gwagwardiya|VB,han|DT,taramnan|MDFR
taga-hipos|NN,hira|PNN,han|DT,sirak|NN,nga|DT,napasaringsing|VB,han|DT,mga|MDFR,utanon|NN
an|DT,mga|MDFR,adlaw|NN,nahimo|VB,nga|DT,mas|MDFR,masirak|DT,ngan|CJTN,an|DT,iya|PNN,lola|NN,pirmi|CJTN,na|RP,nahiyom|VB,ha|DT,iya|PNN
amo|MDFR,nga|DT,gin|CJTN,disenyohan|VB,niya|PNN,hin|IJTN,sunflower|FW,nga|DT,smiley|FW,an|DT,iya|PNN,manogbanog|NN
nag|CJTN,gunting|NN,hiya|PNN,hin|IJTN,darag|NN,nga|DT,papel|NN,nga|DT,korte|NN,han|DT,bukad|NN,para|CJTN,himoon|VB,nga|DT,mata|NN
an|DT,kolor|NN,berde|MDFR,nga|DT,hulagtob|MDFR,amo|MDFR,an|DT,irong|NN,ngan|CJTN,an|DT,porma|NN,han|DT,tarong|NN,nga|DT,granate|FW,an|DT,iya|PNN,ginhimo|VB,nga|DT,baba|VB
halapad|PNN,na|RP,an|DT,paghiyom|VB,han|DT,nawong|NN,han|DT,iya|PNN,manogbanog|NN
kahuman|CJTN,",|?",nag|CJTN,gunting|NN,pa|CLTC,hiya|PNN,hin|IJTN,manipis|MDFR,ngan|CJTN,higlaba|MDFR,nga|DT,berde|MDFR,nga|DT,papel|NN,para|CJTN,han|DT,ikog|NN,nga|DT,buot|NN,niya|PNN,panhunahunaon|VB,nga|DT,amo|MDFR,an|DT,buhok|NN
ini|PNN,an|DT,mga|MDFR,hantak|NN,ha|DT,ira|PNN,taramnan|MDFR
waray|MDFR,ka|PNN,iha|MDFR,",|?",gin|CJTN,tawag|VB,hiya|PNN,han|DT,iya|PNN,nanay|NN,kay|CJTN,ginpapangita|VB,na|RP,hiya|PNN,han|DT,iya|PNN,mga|MDFR,kasangkayan|NN
hapit|VB,na|RP,ngay-an|CLTC,mag|CJTN,alas|MDFR,kwatro|NMBR,ngan|CJTN,diri|MDFR,na|RP,niya|PNN,mapapalupad|VB,hin|IJTN,maiha|MDFR,an|DT,manogbanog|NN
ginmawas|OOV,hiya|PNN,dara|VB,ini|PNN,ngan|CJTN,an|DT,mga|MDFR,nakakita|VB,nagdayaw|VB,gud|CLTC,han|DT,pagka|CJTN,postorawo|NN,han|DT,iya|PNN,ginbuhat|VB
nadugangan|VB,an|DT,iya|PNN,kalipayan|NN,hadto|PNN,nga|DT,adlaw|NN
ginpalupad|VB,nira|PNN,an|DT,manogbanog|NN,didto|MDFR,han|DT,bacante|MDFR,nga|DT,lugar|NN,harani|MDFR,han|DT,basketbolan|MDFR,ha|DT,sakob|NN,han|DT,subdibisyon|NN,ha|DT,luyo|MDFR,han|DT,hira|PNN,balay|NN
igin-undong|VB,ini|PNN,ni|DT,popoy|NN,nga|DT,iya|PNN,pinakasuok|DT,nga|DT,sangkay|NN
hiya|PNN,an|DT,nakapot|VB,han|DT,higot|VB
kinagat|VB,dayon|MDFR,an|DT,manugbanog|NN,han|DT,hangin|NN,ngan|CJTN,linupad|VB,ini|PNN
gin|CJTN,kaptan|VB,gud|CLTC,ni|DT,dodong|NN,an|DT,madig-on|MDFR,nga|DT,higot|VB,para|CJTN,diri|MDFR,humataas|VB,hin|IJTN,duro|IJTN
madali|MDFR,an|DT,paglabay|VB,han|DT,oras|NN,ngan|CJTN,masirumsirom|MDFR,na|RP,han|DT,ira|PNN,pangnguli|MDFR
nagtitikahuman|VB,na|RP,an|DT,karisyohan|VB,han|DT,mga|MDFR,nag-iirignom|VB,didto|MDFR,ha|DT,ira|PNN
nangamen|VB,hiya|PNN,ha|DT,ira|PNN,tanan|NN,bag-o|MDFR,sumulod|VB,ha|DT,balay|NN
kasaro|MDFR,niya|PNN,panihapon|VB,an|DT,mga|MDFR,kaapoyan|NN,ngan|CJTN,an|DT,iya|PNN,nanay|NN,ngan|CJTN,kabugtoan|NN
ibaradlis|NN,adto|PNN,nga|DT,takna|NN,kay|CJTN,diri|MDFR,na|RP,hiya|PNN,nahihinumdum|MDFR,kun|DT,kakan-o|PNN,pa|CLTC,hira|PNN,nagkasaro-saro|VB
hiya|PNN,an|DT,nanhipig|VB,ngan|CJTN,nanhugas|VB,han|DT,plato|NN
an|DT,iba|MDFR,nagkita|VB,anay|MDFR,han|DT,tv|NN,bag-o|MDFR,kumaturog|VB
hi|DT,magda|NN,nga|DT,iya|PNN,nanay|NN,",|?",kinadto|VB,pagbulig|VB,ha|DT,iya|PNN,ha|DT,kusina|NN
’|?,dong|NN,",|?",sori|NN,nga|DT,waray|MDFR,ako|PNN,dara|VB,ha|DT,imo|DT,nga|DT,regalo|NN,",|?",ha|DT,?|?,hit|IJTN,sunod|MDFR,na|RP,la|CLTC
bag-o|MDFR,la|CLTC,ako|PNN,na|RP,ginsisante|VB,ha|DT,trabaho|NN,ngan|CJTN,mamimiling|VB,na|RP,liwat|CLTC,ako|PNN,hin|IJTN,iba|MDFR,nga|DT,masusudlan|VB
okey|IJTN,la|CLTC,iton|CJTN,‘|?,nay|NN
an|DT,iya|PNN,baton|VB,",|?",pero|CJTN,ha|DT,iya|PNN,hunahuna|MDFR,gindugangan|VB,ini|PNN,hin|IJTN,–nahi-ara|OOV,naman|CLTC,ako|PNN,nga|DT,waray|MDFR,ka|PNN,labot|NN,ha|DT,akon|PNN
diri|MDFR,niya|PNN,gusto|DT,nga|DT,manhunahuna|VB,hin|IJTN,sugad|VB,labi|DT,na|RP,yana|NN,pero|CJTN,usahay|MDFR,diri|MDFR,niya|PNN,napupugngan|VB,an|DT,iya|PNN,tinuod|VB,nga|DT,ginbabati|VB,para|CJTN,han|DT,babaye|NN,nga|DT,naghatag|VB,ha|DT,iya|PNN,hin|IJTN,kinabuhi|NN,pagkatapos|MDFR,gin|CJTN,pasagdan|VB,na|RP,la|CLTC
iya|PNN,ginkinita|VB,hi|DT,magda|NN,pagtalikod|VB,hini|PNN
sinupo|MDFR,hiya|PNN,kan|DT,iya|PNN,lola|NN,nga|DT,guti-ay|MDFR,nga|DT,babaye|NN
hi|DT,dodong|NN,mas|MDFR,hitaas|MDFR,na|RP,ha|DT,iya|PNN,hin|IJTN,usa|NMBR,ka|PNN,ulo|NN
ngan|CJTN,sugad|VB,gihapon|CJTN,han|DT,iya|PNN,lola|NN,",|?",hi|DT,iya|PNN,nanay|NN,maparalit|NN,an|DT,hiyom|VB
amo|MDFR,’|?,t|OOV,hiya|PNN,–|?,bisan|MDFR,pa|CLTC,natawa|VB,nagmumurosot|MDFR,la|CLTC,gihapon|CJTN,pagkit-on|VB
amo|MDFR,ini|PNN,an|DT,pagkita|VB,han|DT,ira|PNN,mga|MDFR,kaharani|MDFR
magkaiba|VB,gud|CLTC,han|DT,anak|NN,nga|DT,pirmi|CJTN,la|CLTC,malipayon|MDFR
gintawag|VB,hiya|PNN,han|DT,iya|PNN,lola|NN,para|CJTN,pahinumdumon|VB,nga|DT,kumaturog|VB,hiya|PNN,hin|IJTN,sayo|PNN,kay|CJTN,magpapalista|VB,hira|PNN,ha|DT,eswelahan|OOV,pagkabuwas|VB
nagsaro|VB,an|DT,iya|PNN,kalipay|NN,ngan|CJTN,kasubo|NN,–|?,kalipay|NN,kay|CJTN,nakada|VB,na|RP,hiya|PNN,ha|DT,high|FW,school|NN,ngan|CJTN,kasubo|NN,kay|CJTN,maiihap|ADJV,na|RP,la|CLTC,ang|DT,mga|MDFR,adlaw|NN,han|DT,bakasyon|NN
pagsulod|VB,niya|PNN,ha|DT,kuwarto|NN,",|?",nangngaturog|OOV,na|RP,an|DT,iya|PNN,mga|MDFR,manghod|NN,didto|MDFR,han|DT,banig|NN,ha|DT,ubos|VB,han|DT,iya|PNN,katre|NN
nangaturog|VB,liwat|CLTC,hiya|PNN,dayon|MDFR,dara|VB,han|DT,kaguol|VB
masirom|MDFR,hin|IJTN,duro|IJTN,an|DT,sulod|NN,han|DT,iya|PNN,pagmata|VB,han|DT,katutnga|NMBR,han|DT,kagab-ihon|NN
nasangpit|VB,hiya|PNN,han|DT,makusog|MDFR,nga|DT,uran|NN,ngan|CJTN,hangin|NN
an|DT,mga|MDFR,sanga|NN,han|DT,kakahoyan|NN,ngan|CJTN,an|DT,tikarokba|MDFR,nga|DT,sin|DT,han|DT,atup|NN,nagkokonsyerto|VB,ha|DT,gawas|VB
waray|MDFR,hiya|PNN,nakikit-an|VB,pero|CJTN,naaabat|MDFR,niya|PNN,an|DT,guti-ay|MDFR,nga|DT,karasikas|VB,ngan|CJTN,huringngay|NN
tinalikog|VB,hiya|PNN,han|DT,iya|PNN,hinsabtan|VB,kun|DT,diin|PNN,natikang|VB,–|?,kan|DT,iya|PNN,nanay|NN,ngan|CJTN,an|DT,lalaki|NN,nga|DT,diri|MDFR,pa|CLTC,niya|PNN,hinkikilal-an|VB
an|DT,uran|NN,ngan|CJTN,hangin|NN,pinahuway|VB,anay|MDFR,ngan|CJTN,klaro|MDFR,niya|PNN,hinbati-an|VB,an|DT,nahihitabo|VB,didto|MDFR,ha|DT,salog|NN
naghinayhinay|VB,hiya|PNN,pagtabon|VB,han|DT,iya|PNN,ulo|NN,hin|IJTN,ulunan|NN,pero|CJTN,nababatian|VB,la|CLTC,niya|PNN,gihapon|CJTN,an|DT,huringay|VB,han|DT,iya|PNN,nanay|NN,ngan|CJTN,han|DT,iya|PNN,tiyo|NN
waray|MDFR,gud|CLTC,hiya|PNN,makakagi-os|VB,pareho|MDFR,kun|DT,gin|CJTN,ngangarat|VB,hiya|PNN,ngan|CJTN,karuyag|MDFR,niya|PNN,magmata|VB,pero|CJTN,diri|MDFR,hiya|PNN,nakakakiwa|VB
sugad|VB,hini|PNN,an|DT,iya|PNN,pamati|NN,han|DT,kontra|NN,gusto|DT,niya|PNN,pakahibaro|VB,han|DT,kamatuuran|NN,han|DT,iya|PNN,pagkatawo|NN
binunok|MDFR,na|RP,liwat|CLTC,",|?",ngan|CJTN,nangaturog|VB,hiya|PNN
pagkabuwas|VB,",|?",mamingaw|MDFR,na|RP,an|DT,panimalay|NN,han|DT,pagbuhat|VB,niya|PNN
nakalakat|VB,na|RP,an|DT,iya|PNN,lolo|NN,ngan|CJTN,tiyo|NN,para|CJTN,ha|DT,trabahoan|NN
an|DT,iya|PNN,nanay|NN,naman|CLTC,umuli|VB,na|RP,ngadto|DT,han|DT,iya|PNN,asawa|NN,kaupod|NN,an|DT,usa|NMBR,niya|PNN,nga|DT,manghod|NN
an|DT,usa|NMBR,",|?",nakikigminulay|VB,han|DT,anak|NN,han|DT,ira|PNN,kaharani|MDFR
hi|DT,iya|PNN,lola|NN,",|?",nagpipinanlaba|VB,didto|MDFR,ha|DT,may|MDFR,bumba|NN
kinadto|VB,niya|PNN,ini|PNN,para|CJTN,igbumba|VB,hin|IJTN,tubig|NN
dodong|NN,",|?",kahuman|CJTN,nimo|IJTN,pamahaw|NN,",|?",pag-alog|VB,na|RP,hin|IJTN,ikakarigo|VB,niyo|PNN,ni|DT,inday|NN
makadto|VB,kita|MDFR,ha|DT,eskwelahan|NN
ha|DT,tono|NN,han|DT,iya|PNN,boses|NN,baga|MDFR,hin|IJTN,nasisina|VB,hiya|PNN
maiha|MDFR,na|RP,niya|PNN,nabantayan|VB,ini|PNN,nga|DT,reaksyon|MDFR,han|DT,iya|PNN,lola|NN,kun|DT,an|DT,iya|PNN,nanay|NN,nagpapakita|VB,ha|DT,ira|PNN
mas|MDFR,nasukob|MDFR,pa|CLTC,an|DT,dugo|NN,kun|DT,iginbibilin|VB,an|DT,iya|PNN,kamanghuran|VB
ano|PNN,dawla|CJTN,kun|DT,nasabot|VB,ba|CLTC,hiya|PNN,han|DT,makaarawod|MDFR,nga|DT,kamatuoran|MDFR,han|DT,akon|PNN,pagkatawo|NN,?|?,amo|MDFR,ini|PNN,an|DT,paki-ana|VB,nga|DT,nakada|VB,ha|DT,iya|PNN,hunahuna|MDFR
paghaw-as|VB,nira|PNN,ha|DT,dyip|NN,tikang|MDFR,ha|DT,eskwelahan|NN,",|?",ginkinita|VB,na|RP,liwat|CLTC,ni|DT,dodong|NN,an|DT,ira|PNN,balay|NN,bag-o|MDFR,hira|PNN,tinabok|VB
abre|VB,na|RP,an|DT,mga|MDFR,bintana|NN,pati|MDFR,an|DT,ira|PNN,portahan|NN
yana|NN,baga|MDFR,an|DT,lagas|MDFR,nga|DT,babaye|NN,waray|MDFR,na|RP,sekreto|MDFR,–|?,hinatag|VB,na|RP,ini|PNN,ha|DT,iya|PNN
an|DT,mga|MDFR,sunflowers|NN,nanlaya|VB,han|DT,pag|IJTN,atake|VB,han|DT,uran|NN
an|DT,adlaw|NN,nagtatago-tago|VB,ha|DT,luyo|MDFR,han|DT,mga|MDFR,dampog|NN
baga|MDFR,hin|IJTN,naduyog|VB,an|DT,tiyempo|MDFR,han|DT,iyan|DT,pamati|NN
an|DT,iya|PNN,hinbaruan|VB,kagab-i|MDFR,buot|NN,niya|PNN,hikalimtan|VB,pero|CJTN,sigi|IJTN,gihapon|CJTN,an|DT,pag-ukay|VB,han|DT,iya|PNN,pamorobuot|NN
ay|IJTN,!|?,ambot|IJTN,!|?,basta|IJTN,sisiguroon|VB,ko|PNN,nga|DT,diri|MDFR,makarag|VB,an|DT,mga|MDFR,nabibilin|VB,nga|DT,adlaw|NN,hit|IJTN,bakasyon|NN
malalahimoon|VB,ko|PNN,gud|CLTC,nga|DT,diri|MDFR,ako|PNN,magpapa-apekto|VB,hini|PNN,nga|DT,akon|PNN,hinsabtan|VB
amo|MDFR,an|DT,siring|VB,niya|PNN,ha|DT,kalugaringon|NN
nagpinanlimpyo|VB,hiya|PNN,ha|DT,gawas|VB,ngan|CJTN,sulod|NN,han|DT,balay|NN
baga|MDFR,hin|IJTN,karuyag|MDFR,gud|CLTC,niya|PNN,limpyohan|VB,an|DT,balay|NN,han|DT,presensya|MDFR,han|DT,iya|PNN,tinuod|VB,nga|DT,kag-anak|NN,",|?",may|MDFR,nahunahunaan|NN,hiya|PNN,nga|DT,solusyon|MDFR
kumuha|VB,hiya|PNN,hin|IJTN,lapis|NN,ngan|CJTN,papel|NN,ngan|CJTN,ginsurat|VB,niya|PNN,an|DT,iya|PNN,naadman|VB
pagkatapos|MDFR,iya|PNN,an|DT,papel|NN,gintiniklop|VB,ngan|CJTN,iginhigot|VB,niya|PNN,didto|MDFR,han|DT,ikog|NN,han|DT,manogbanog|NN
iya|PNN,papaluparon|VB,ini|PNN,hin|IJTN,hataas|MDFR,ngan|CJTN,hangyop|VB,niya|PNN,nga|DT,mauutod|VB,an|DT,higot|VB,han|DT,iya|PNN,ginsurat|VB,basi|CJTN,mawara|VB,na|RP,an|DT,iya|PNN,hinsabtan|VB
waray|MDFR,ka|PNN,iha|MDFR,",|?",gintitinawag|VB,na|RP,hiya|PNN,nira|PNN,popoy|NN,para|CJTN,magmulay|VB
nagsarit|VB,hiya|PNN,han|DT,iya|PNN,lola|NN,nga|DT,nagpipinanahi|VB
ano|PNN,man|CLTC,",|?",tapos|MDFR,na|RP,ba|CLTC,an|DT,imo|DT,mga|MDFR,trabahoon|VB,?|?
tinangdo|VB,hiya|PNN
o|CJTN,",|?",sigi|IJTN,na|RP
pero|CJTN,uli|VB,dayon|MDFR,kun|DT,harapit|DT,na|RP,mag|CJTN,alas|MDFR,kwatro|NMBR,kay|CJTN,mamimirkado|VB,pa|CLTC,ako|PNN
waray|MDFR,kaupod|NN,it|IJTN,im|CJTN,manghod|NN,dinhi|PNN
dugang|NN,pa|CLTC,han|DT,lola|NN
dali-dali|ADVB,niya|PNN,kinuha|VB,an|DT,manogbanog|NN,ngan|CJTN,kumarida|VB,ngadto|DT,han|DT,iya|PNN,mga|MDFR,sangkay|NN
mahangin-hangin|MDFR,hadto|PNN,nga|DT,kulop|MDFR,ngan|CJTN,napalupad|VB,dayon|MDFR,nira|PNN,an|DT,manogbanog|NN
gin|CJTN,tinurosan|VB,ni|DT,dodong|NN,an|DT,higot|VB,para|CJTN,lumupad|VB,ini|PNN,hin|IJTN,hataas|MDFR
han|DT,kontento|MDFR,na|RP,hiya|PNN,",|?",iya|PNN,gingaod|VB,an|DT,higot|VB,didto|MDFR,han|DT,puthaw|NN,nga|DT,poste|NN,han|DT,koral|NN,han|DT,basketbolan|MDFR
kahuman|CJTN,nakigmulay|VB,na|RP,hiya|PNN
madali|MDFR,nga|DT,linabay|VB,an|DT,oras|NN
maupay|MDFR,pa|CLTC,an|DT,lupadlupad|VB,han|DT,manogbanog|NN
nabatian|VB,ni|DT,dodong|NN,an|DT,pagtinawag|VB,han|DT,iya|PNN,lola|NN,",|?",sanglit|CJTN,inukoy|VB,hiya|PNN,hin|IJTN,mulay|VB,nga|DT,ginsigngan|VB,an|DT,mga|MDFR,sangkay|NN,na|RP,hira|PNN,na|RP,la|CLTC,an|DT,magbantay|VB,han|DT,manogbanog|NN,anay|MDFR
pag|IJTN,–abot|OOV,niya|PNN,",|?",ginbinusaan|VB,dayon|MDFR,hiya|PNN,han|DT,lola|NN
ano|PNN,ka|PNN,ba|CLTC,nga|DT,bata|NN,ka|PNN,",|?",nasiring|VB,pa|CLTC,ako|PNN,nga|DT,uli|VB,pag|IJTN,alas|MDFR,kwatro|NMBR,!|?,sigi|IJTN,",|?",bantayi|VB,it|IJTN,im|CJTN,manghod|NN,kay|CJTN,bangin|MDFR,mahulog|VB,ha|DT,katre|NN
kun|DT,maupay|MDFR,pa|CLTC,it|IJTN,iya|PNN,katurog|VB,",|?",ikadena|VB,an|DT,ayam|NN,harani|MDFR,hit|IJTN,portahan|NN,para|CJTN,masabot|VB,ka|PNN,kung|FW,may|MDFR,pumaralit|NN,hin|IJTN,utanon|NN
upaya|VB,it|IJTN,paghigot|VB,ha|DT,?|?,makabuhi|VB,ngani|DT,iton|CJTN,",|?",ikaw|NN,gud|CLTC,it|IJTN,ak|PNN,paghihigtan|VB
nangalot|VB,hiya|PNN,han|DT,iya|PNN,ulo|NN,",|?",ngan|CJTN,waray|MDFR,kapugngi|VB,an|DT,ngurutob|MDFR
anon|NN,siring|VB,mo|NN,",|?",dodong|NN,?|?
waray|MDFR,gad|CLTC,",|?",‘|?,la|CLTC
sori|NN
linakat|VB,an|DT,iya|PNN,apoy|NN,ngan|CJTN,han|DT,hihigtan|VB,na|RP,niya|PNN,an|DT,ayam|NN,",|?",nakabati|VB,hiya|PNN,han|DT
tuok|MDFR,han|DT,iya|PNN,tulo|NMBR,ka|PNN,anyos|NN,nga|DT,manghod|NN
dinalagan|VB,hiya|PNN,ngadto|DT,ha|DT,kwarto|NN,bibit|NN,pa|CLTC,an|DT,kadena|NN
iya|PNN,anay|MDFR,ini|PNN,ginkwentas|VB,ngan|CJTN,kahuman|CJTN,ginhapuhapan|VB,an|DT,bata|NN,para|CJTN,bumalik|VB,pag|IJTN,katurog|VB
mapaso|MDFR,hin|IJTN,duro|IJTN,didto|MDFR,han|DT,sulod|NN,bisan|MDFR,may|MDFR,bentilador|NN
pagsiplat|VB,niya|PNN,ngadto|DT,han|DT,espeho|NN,nakit-an|VB,niya|PNN,an|DT,kadena|NN,dida|PNN,han|DT,iya|PNN,li-og|NN
ano|PNN,dawla|CJTN,it|IJTN,akon|PNN,maaabat|MDFR,kon|CJTN,igkadena|VB,ako|PNN,ni|DT,lola|NN,?|?,amo|MDFR,an|DT,iya|PNN,nahunahunaan|NN
nagproyba|MDFR,hiya|PNN,paghigot|VB,han|DT,kadena|NN,pareho|MDFR,han|DT,paghigot|VB,niya|PNN,han|DT,ayam|NN
iginkab-it|VB,pa|CLTC,gud|CLTC,niya|PNN,an|DT,katapusan|NN,didto|MDFR,han|DT,raysang|NN,kung|FW,diin|PNN,niya|PNN,gin|CJTN,sablay|MDFR,an|DT,iya|PNN,manogbanog|NN
nangngispeho|VB,na|RP,liwat|CLTC,hiya|PNN,ngan|CJTN,didto|MDFR,nakita|VB,niya|PNN,nga|DT,an|DT,iya|PNN,manghod|NN,harani|MDFR,na|RP,ha|DT,ligid|NN,han|DT,katre|NN
iya|PNN,ini|PNN,gindali-dali|VB,pagdaop|VB,para|CJTN,pugngan|VB,an|DT,kahulog|VB
pagtamod|VB,niya|PNN,",|?",naabat|VB,niya|PNN,an|DT,kadena|NN,nga|DT,nagtitikahugot|VB,ha|DT,iya|PNN,li-og|NN
nangalimot|VB,hiya|PNN,na|RP,iya|PNN,ngay-an|CLTC,ini|PNN,ginkab-it|VB,han|DT,raysang|NN
an|DT,mga|MDFR,mata|NN,han|DT,bata|NN,nga|DT,dinako|VB,han|DT,kahadlok|VB,",|?",an|DT,urhi|MDFR,niya|PNN,nga|DT,nakitnan|VB
an|DT,dayon|MDFR,pagkurahab|VB,",|?",an|DT,urhi|MDFR,niya|PNN,nga|DT,nabatian|VB
may|MDFR,sinulod|VB,nga|DT,matugnaw|VB,nga|DT,hangin|NN,ngan|CJTN,an|DT,kurahab|NN,nagtikahinay|MDFR,",|?",nagtikahinay|MDFR,kahuman|CJTN,nawara|VB
didto|MDFR,ha|DT,basketbolan|MDFR,an|DT,iya|PNN,kasangkayan|NN,nagtitipauli|VB,na|RP
gindaop|VB,ni|DT,popoy|NN,an|DT,poste|NN,para|CJTN,kuhaon|VB,an|DT,higot|VB,han|DT,manogbanog|NN
iya|PNN,na|RP,adto|PNN,iglalambid|VB,pero|CJTN,nakita|VB,niya|PNN,nga|DT,utod|MDFR,na|RP,an|DT,higot|VB
hinangad|VB,hiya|PNN,para|CJTN,bilngon|VB,an|DT,manogbanog|NN,ha|DT,kalangitan|NN
kahuman|CJTN,tinawag|VB,niya|PNN,an|DT,iba|MDFR,nga|DT,mga|MDFR,bata|NN,para|CJTN,ipakita|VB,kun|DT,ano|PNN,an|DT,iya|PNN,hingkit-an|VB
an|DT,manogbanog|NN,ni|DT,dodong|NN,sigi|IJTN,pa|CLTC,an|DT,lupadlupad|VB,harani|MDFR,didto|MDFR,han|DT,nagtitikarosa|VB,nga|DT,dampog|NN
an|DT,usa|NMBR,nga|DT,bata|NN,dayon|MDFR,la|CLTC,siniring|VB,",|?",kitaa|VB,na|RP,gud|CLTC,hin|IJTN,maupay|MDFR,ito|CJTN,nga|DT,dampog|NN
-|?,baga|MDFR,hin|IJTN,porma|NN,hin|IJTN,bata|NN,nga|DT,lalaki|NN,nga|DT,nagdadakop|VB,hit|IJTN,manogbanog|NN
nagkinita|VB,hin|IJTN,maiha|MDFR,hi|DT,popoy|NN,ngan|CJTN,yumakan|VB,",|?",hala|IJTN,!|?,baga|MDFR,man|CLTC,iton|CJTN,hi|DT,dodong|NN,nga|DT,naglilinanat|VB,hit|IJTN,iya|PNN,manogbanog|NN,!|?
tana|VB,!|?,hapit|VB,na|RP,la|CLTC,kita|MDFR,ha|DT,ira|PNN,para|CJTN,sumatan|VB,naton|DT,nga|DT,nakalupad|VB,na|RP,hin|IJTN,harayo|MDFR,an|DT,iya|PNN,manogbanog|NN
siring|VB,pa|CLTC,han|DT,usa|NMBR
an|DT,lola|NN,ni|DT,dodong|NN,",|?",naglilinakat|VB,tipauli|VB,ngadto|DT,ha|DT,ira|PNN,balay|NN
pag-abot|VB,niya|PNN,han|DT,ika|CJTN,lima|NMBR,nga|DT,balay|NN,bag-o|MDFR,an|DT,ira|PNN,",|?",umabat|VB,hiya|PNN,han|DT,mahagkot|MDFR,nga|DT,hangin|NN
hinangad|VB,hiya|PNN,ngan|CJTN,nakita|VB,niya|PNN,an|DT,dampog|NN,nga|DT,porma|NN,hin|IJTN,bata|NN,nga|DT,may|MDFR,kinukugos|VB,nga|DT,manogbanog|NN
kalit|MDFR,la|CLTC,hiya|PNN,gin|CJTN,kinulba|MDFR,ngan|CJTN,haros|MDFR,kumarida|VB,pag|IJTN,uli|VB
