petsa,FX,katorse,NMBR
by,FX,kimberly,FX,mae,FX,ortego,FX
published,FX,2016,NMBR

ma-alas,FX,syete,NMBR,na,RP,han,DT,gab-i,NN,umulpot,VB,hi,DT,carlo,FX,ha,DT,chew,FX,love,FX,ginhihingal,FX,pa,CLTC,ini,PNN,nga,LNKR,inabot,VB,waray,MDFR,hiya,PNN,magdinamo,FX,hin,FX,arte,NN,magpinaiha,FX,pag-ayos,FX,iya,PNN,kalugaringon,NN,kay,CJTN,bangin,MDFR,mauntat,FX,may,MDFR,paghinulat,FX

maupay,MDFR,na,RP,para,CJTN,kan,DT,carlo,FX,an,DT,iya,PNN,pamustura,FX,hadto,PNN,nga,LNKR,takna,NN,nakag-ahit,FX,hiya,PNN,han,DT,bungot,FX,nanludgod,FX,mga,MDFR,buring,FX,ha,DT,singit,FX,clear,FX,pinalit,VB,shampoo,FX,masabtan,NN,ni,DT,may,MDFR,ginsusunod,FX,hini,PNN,it,FX,gintutugon,FX,gatsby,FX,ginpalit,VB,kay,CJTN,maaram,MDFR,nadiri,VB,hi,DT,hit,FX,baho,NN,pamada,FX,nanay,NN,ginpapili,FX,susul-uton,FX,natuod,VB,kun,FX,ano,PNN,naangay,VB,ginlugaringan,FX,niya,PNN,paglaba,VB,rubber,FX,shoes,FX,gagamiton,VB,sigurado,MDFR,tuhay,MDFR,kagagawasan,FX,ngan,CJTN,diri,MDFR,la,CLTC,dinali-dali,FX,pumalit,VB,hin,FX,bag-o,MDFR,axe,FX,man,CLTC,bumibilib,FX,bisan,MDFR,yana,NN,gab-i,NN,dugngan,FX,iton,FX,japorms,FX,spooting,FX,blackwater,FX,pahamot,FX,ginpapagamit,FX,idol,FX,christian,FX,bautista,FX

ready,FX,na,RP,ako,FX,ma,FX,asya,MDFR,gud,CLTC,ini,PNN,polo,FX,check,FX,pahamot,FX,hair,FX,style,FX,ano,PNN,pa,CLTC,man,CLTC,daw,MDFR,la,CLTC,it,FX,masisiring,VB,ni,DT,may,MDFR,ha,DT,ak,PNN

waray,MDFR,na,RP,la,CLTC,hin,FX,aringasa,NN,an,DT,iya,PNN,iroy,NN,nahingatook,FX,ini,PNN,nga,LNKR,baga,MDFR,naikangirisi,FX,diri,MDFR,iha,FX,mag-aasawa,FX,gisiya-syahani,FX,anak,NN,magkakaapo,FX,hiya,PNN

nagdalipapanos,FX,an,DT,iya,PNN,anak,NN,ha,DT,hagdanan,FX,kay,CJTN,dyes,NMBR,minutos,FX,na,RP,hiya,PNN,nga,LNKR,urhi,MDFR,han,DT,ira,PNN,ginsabutan,FX,oras,NN,ngan,CJTN,uyab,NN

maiha,MDFR,na,RP,nga,LNKR,gin-iinandaman,FX,ni,DT,carlo,FX,ini,PNN,adlaw,NN,liwat,CLTC,niya,PNN,gin-iinampo,FX,matuman,VB,unta,FX,an,DT,takna,NN,iya,PNN,ginhihingyap,FX,nadiri,VB,hiya,PNN,magsayop,FX,hadto,PNN,gab-i,NN,maurit,FX,utro,MDFR,hi,DT,may,MDFR,ha,DT,lain,MDFR,pa,CLTC,naman,CLTC,kun,FX,nag-iisog,FX,baga,MDFR,hin,FX,bagyo,NN,yolanda,FX,iton,FX,kaisugon,FX,hini,PNN,sugad,VB,han,DT,kaiha,MDFR,pagdangat,FX,hinabang,FX,tacloban,FX,sano,FX,mapasaylo,FX,uyab,NN,sanglit,CJTN,ngatanan,FX,butang,NN,pwede,MDFR,makapagpalipay,FX,kan,DT,ginbuhat,VB

hello,FX,sir,FX,maupay,MDFR,nga,LNKR,gab-i,NN,welcome,FX,to,FX,chew,FX,love,FX,siring,VB,han,DT,waiter,FX

ano,PNN,t,FX,aton,FX,yana,NN,nga,LNKR,gab-i,NN,sir,FX,adi,PNN,po,FX,an,DT,menu,FX,para,CJTN,senyasi,FX,na,RP,la,CLTC,ako,FX,kun,FX,man,CLTC,iton,FX,imo,FX,order,FX,ha,DT,dugang,NN,han,DT,waiter,FX

ginbagnos,FX,ni,DT,carlo,FX,iton,FX,iya,PNN,magkasipalad,FX,kinukulba,FX,hiya,PNN,diri,MDFR,maaram,MDFR,kun,FX,ano,PNN,it,FX,pipilion,FX,magkadiru-dilain,FX,an,DT,nakadto,VB,han,DT,menu,FX,mahal,MDFR,pa,CLTC,gud,CLTC,pero,CJTN,sige,MDFR,la,CLTC,basta,IJTN,para,CJTN,kan,DT,may,MDFR,ini,PNN,ngatanan,FX,hunahuna,FX,niya,PNN

sakto,MDFR,nga,LNKR,ginpapatukar,FX,ha,DT,ifm,FX,an,DT,ira,PNN,theme,FX,song,FX,ni,DT,may,MDFR,tigda,MDFR,ngumisi,VB,hi,DT,carlo,FX,abat,FX,niya,PNN,nakikiduyog,FX,na,RP,kalibutan,NN,iya,PNN,yana,NN,takna,NN,waray,MDFR,pa,CLTC,ngani,CJTN,aabot,FX,higugmaon,VB,mayda,FX,nakapagpatawa,FX,naibanan,FX,gihap,MDFR,kulba,FX,asya,MDFR,gud,CLTC,ini,PNN,atrasan,FX

ano,PNN,daw,MDFR,la,CLTC,it,FX,maupay,MDFR,nganhi,PNN,pakiana,VB,ni,DT,carlo,FX,kontaloy,FX,mayda,FX,niya,PNN,kaistorya,NN,di,FX,iha,FX,siniplat,FX,hiya,PNN,han,DT,waiter,FX,nga,LNKR,tumapo,FX,ha,DT,iya,PNN,kanina,MDFR,katapos,MDFR,siplat,VB,mga,MDFR,kahigrani,FX,agoy,FX,ka-swerte,FX,ko,PNN,papradis,FX,gihap,MDFR,aadi,PNN

maaringasa,MDFR,ha,DT,chew,FX,love,FX,pero,CJTN,nababatian,VB,la,CLTC,gihap,MDFR,an,DT,tukar,VB,ifm,FX,iba-iba,MDFR,kolor,NN,han,DT,mga,MDFR,suga,NN,danay,MDFR,pula,NN,naman,CLTC,blue,FX,depende,MDFR,celluloid,FX,nga,LNKR,nakakarapo,FX,bombilya,FX,may,MDFR,kasingkasing,FX,hinimo,VB,hin,FX,papel,FX,nakabitay,FX,bintana,NN,ug,FX,purtahan,FX,nakapaskin,FX,i,FX,you,FX,ngan,CJTN,too,FX,ligid,NN,ginunting,FX,kupido,FX,ginpapilit,FX,ini,PNN,kada,MDFR,nasulod,VB,nauupayan,FX,kay,CJTN,baga,MDFR,kuno,CLTC,hira,PNN,adto,PNN,theme,FX,park,FX,siring,VB,batan-on,NN,padis,NN,sumakob,VB,di,FX,pa,CLTC,iha,FX

ngumisi,VB,utro,MDFR,hi,DT,carlo,FX,sakto,MDFR,gud,CLTC,la,CLTC,an,DT,iya,PNN,napili,VB,nga,LNKR,lugar,NN,mauupayan,FX,hini,PNN,may,MDFR,sagdi,FX,na,RP,kun,FX,mahal,MDFR,man,CLTC,it,FX,pagkaon,VB,mabilib,FX,ini,PNN,ha,DT,bahala,VB,magutom,MDFR,buwas,NN,basta,IJTN,makuha,VB,niya,PNN,iton,FX,matam-is,MDFR,baton,VB,hiton,FX,babaye,FX,maiha,MDFR,ginkukursunada,FX

abat,FX,ni,DT,carlo,FX,nga,LNKR,baga,MDFR,hin,FX,hinuhubya,FX,na,RP,hi,DT,may,MDFR,ha,DT,iya,PNN,han,DT,nakalabay,MDFR,ng,FX,semana,NN,nakaturog,VB,ini,PNN,diri,MDFR,nagsisiring,FX,good,FX,night,FX,ngan,CJTN,danay,MDFR,ngani,CJTN,waray,MDFR,i,FX,love,FX,you,FX,la,CLTC,ginsasarabot,FX,tigda,MDFR,mabaton,VB,kun,FX,tatawagan,FX,man,CLTC,niya,PNN,gihapon,FX,tungod,FX,kay,CJTN,hiya,PNN,maaram,MDFR,nag-iisog,FX,o,CJTN,kukulbaon,FX,manta,FX,magreply,FX,kakadtuon,FX,ira,PNN,balay,NN

nakaturog,VB,na,RP,carlo,FX,diri,MDFR,ka,PNN,gad,CLTC,ginsasarabot,FX,an,DT,pirmi,FX,nga,LNKR,baton,VB,ni,DT,daisy,FX,mama,NN,may,MDFR

asya,MDFR,na,RP,ngani,CJTN,tiya,NN,natitigda,FX,man,CLTC,la,CLTC,pagkakaturog,FX,ini,PNN,hi,DT,labidabs,FX,diri,MDFR,nagpapanarit-sarit,FX,depensa,FX,ni,DT,carlo,FX

aw,IJTN,kay,CJTN,kinahanglan,VB,pa,CLTC,ngayan,FX,magsarit,FX,ha,DT,imo,FX,kun,FX,piraw,FX,na,RP,gud,CLTC,hin,FX,duro,FX

diri,MDFR,gad,CLTC,liwat,CLTC,sugad,VB,tiya,NN,maglisensya,FX,la,CLTC,ba,CLTC,ha,DT,ak,PNN,kay,CJTN,nerbyoso,FX,bangin,MDFR,may,MDFR,nahinabo,FX,nga,LNKR,maraot,MDFR,iya,PNN,simba,FX,ko,PNN

kay,CJTN,kun,FX,sumiring,VB,hiya,PNN,nga,LNKR,makaturog,FX,na,RP,matugot,VB,ka,PNN

ha,DT

tumutok,FX,la,CLTC,ha,DT,iya,PNN,hi,DT,daisy,FX,abitapa,FX,hini,PNN,baton,VB,gud,CLTC,hin,FX,tuhay,MDFR,kay,CJTN,pupukuon,FX,ta,PNN,ikaw,FX,hiton,FX,binaid,FX,nga,LNKR,sundang,NN,hit,FX,ak,PNN,asawa,NN

oo,MDFR,gad,CLTC,tiya,NN,nadiri,VB,ako,FX,magpinapiraw,FX,hi,DT,labidabs,FX,tungod,FX,la,CLTC,ha,DT,ak,PNN

balitaw,CLTC

oo,MDFR,gad,CLTC,tiya,NN,maano,VB,pa,CLTC,man,CLTC,ak,PNN

ambot,IJTN,ha,DT,im,FX

pirit,FX,nga,LNKR,tumawa,FX,hi,DT,carlo,FX

hehe,FX,di,FX,gad,CLTC,tiya,NN,papakaturugon,FX,ko,PNN,hi,DT,may,MDFR,bangin,MDFR,intawon,FX,piraw,FX,busaan,FX,pa,CLTC,ak,PNN,nga,LNKR,ginpupugngan,FX,it,FX,iya,PNN,katurugon,FX

aw,IJTN,sugad,VB,uupaya,FX,pag-eksplekar,FX,sus,IJTN,diri,MDFR,la,CLTC,adi,PNN,ginsasarabot,FX,nga,LNKR,nahingaturog,FX,na,RP,hiya,PNN

bangin,MDFR,man,CLTC,gud,CLTC,hala,IJTN,sige,MDFR,tiya,NN,mauna,VB,na,RP,ak,PNN,salamat,IJTN

hala,IJTN,sige,MDFR,ayaw,MDFR,na,RP,kabaraka,NN,pa,CLTC,kan,DT,may,MDFR,kay,CJTN,waray,MDFR,hadi,NN,iba,MDFR,nga,LNKR,kakadtuan,FX,adi,PNN,tabis,FX,ano,PNN,man,CLTC,natumanan,FX,ka,PNN,hit,FX,yana,NN,diri,MDFR,ginnenerbyos,FX,ginlupigan,FX,mo,FX,lugod,CLTC,ako,FX

diri,MDFR,na,RP,gihap,MDFR,tiya,NN,sige,MDFR,ngadi,PNN,ako,FX,maupay,MDFR,nga,LNKR,pagkaturog,FX,sarit,FX,ni,DT,carlo,FX

sano,FX,pa,CLTC,man,CLTC,hiya,PNN,makagsiring,FX,han,DT,iya,PNN,urhi,MDFR,nga,LNKR,mga,MDFR,pulong,NN,gindanas,FX,na,RP,hini,PNN,an,DT,bintana,NN,abat,FX,ni,DT,carlo,FX,nakabati,VB,ini,PNN,pero,CJTN,sugad,VB,nababatasan,FX,deadma,FX,la,CLTC

nahunahunaan,NN,lugod,CLTC,ni,DT,carlo,FX,kun,FX,ano,PNN,ka-strikto,FX,ngan,CJTN,ka-tuptop,FX,iton,FX,nanay,NN,may,MDFR,bumaton,VB,ha,DT,iya,PNN,bumalik,VB,an,DT,nahinabo,FX,hadto,PNN,nga,LNKR,gab-i,NN,diin,PNN,haros,MDFR,madakop,FX,na,RP,hiya,PNN,daisy,FX,han,DT,danay,MDFR,hinihimo,FX

mag-isog,MDFR,ada,IJTN,adi,PNN,ha,DT,ak,PNN,kun,FX,mahibaruan,FX,niya,PNN,nga,LNKR,magkakaada,FX,na,RP,hiya,PNN,hin,FX,anak,NN,lalaki,NN,pinsar,FX,ni,DT,carlo,FX

gininhawa,FX,hiya,PNN,hin,FX,halawig,FX,bangin,MDFR,oo,MDFR,diri,MDFR,igkalipay,FX,igkasakit,FX,gud,CLTC,ini,PNN,masyado,FX,nga,LNKR,pabor,FX,hi,DT,carlo,FX,an,DT,nakadara,FX,han,DT,iya,PNN,batos,FX,gihap,MDFR,hini,PNN,karuyag,MDFR,tikang,MDFR,pa,CLTC,kabata,FX,nahinumduman,FX,na,RP,la,CLTC,ni,DT,ginsaribuhan,FX,daisy,FX,tubig,NN,may,MDFR,halo,VB,ihi,NN,madakpan,FX,niya,PNN,namiminggot,FX,mga,MDFR,orchids,FX,bata,NN,hadto,PNN,depensa,FX,waray,MDFR,sarabutan,FX,ginbubuhat,VB,yana,NN,ha,DT,chew,FX,love,FX,nahibalik,FX,liwat,CLTC,memorya,FX,postura,FX,tiya,NN,masabtan,NN,it,FX,bag-o,MDFR,uyab,NN,hapit,VB,matauran,FX,dextrose,FX,sobra,NN,kangaralson,FX

pero,CJTN,diri,MDFR,hi,DT,carlo,FX,kun,FX,ano,PNN,an,DT,hinungdan,NN,han,DT,iya,PNN,kangaralson,FX,bangin,MDFR,nangangalas,VB,tiya,NN,daisy,FX,nga,LNKR,hiya,PNN,nakadara,FX,bugtong,FX,anak,NN,babaye,FX,liwat,CLTC,adto,PNN,ha,DT,tungod,FX,sugad,VB,kagwapo,FX,kan,DT,piolo,FX,sakto,MDFR,la,CLTC,gwapo,NN,katupong,FX,hiton,FX,kagwapuhan,FX,iton,FX,ni,DT,coco,FX,martin,FX

sir,FX,ok,FX,ka,PNN,la,CLTC,pakiana,VB,na,RP,liwat,CLTC,han,DT,waiter,FX,magasa,MDFR,ini,PNN,langkawag,FX,para,CJTN,kan,DT,carlo,FX

ha,DT,o-oo,FX,ok,FX,la,CLTC,ako,FX,ano,PNN,nga,LNKR,oras,NN,na,RP,ba,CLTC

quarter,FX,to,FX,eight,FX,na,RP,sir,FX

gininhawa,FX,na,RP,liwat,CLTC,hin,FX,hilawig,FX,hi,DT,carlo,FX,asya,MDFR,gad,CLTC,ngay-an,CLTC,nga,LNKR,damo,MDFR,la,CLTC,iton,FX,iya,PNN,nahuhunahunaan,FX,kay,CJTN,ma-alas,FX,otso,NMBR,man,CLTC,kaiha,MDFR,umabot,VB,hit,FX,ginhihinulat,FX,alas,MDFR,syete,NMBR,an,DT,ira,PNN,sabot,NN,natapos,VB,theme,FX,song,FX,ginpatukar,FX,ha,DT,radyo,NN,waray,MDFR,pa,CLTC,gud,CLTC,may,MDFR,inabot,VB

hino,FX,ngay-an,CLTC,iton,FX,imo,FX,ginhuhulat,FX,sir,FX,may,MDFR,ka,PNN,ba,CLTC

akon,PNN,uyab,NN

pwede,MDFR,ko,PNN,ikaw,FX,mabuligan,VB,sir,FX,pakianhan,VB,iton,FX,kada,MDFR,nasulod,VB,ngadi,PNN,nga,LNKR,babaye,FX,kun,FX,hiya,PNN,na,RP,hi,DT,may,MDFR,relax,FX,ka,PNN,la,CLTC,dida,FX

makikita,VB,ko,PNN,man,CLTC,hiya,PNN,ayaw,MDFR,na,RP,la,CLTC

kay,CJTN,papabalhinon,FX,ko,PNN,unta,FX,ikaw,FX,sir,FX,may,MDFR,naka-reserve,FX,na,RP,kasi,FX,hini,PNN,nganhi,PNN,nga,LNKR,lamesa,FX,tapos,MDFR,umulpot,VB,hira,PNN,yana,NN,kun,FX,ok,FX,la,CLTC,ha,DT,imo,FX,didi,PNN,ka,PNN,sakob,NN

ano,PNN,ba,CLTC,naman,CLTC,ini,PNN,pinsar,FX,ni,DT,carlo,FX,kaiha,MDFR,na,RP,niya,PNN,nga,LNKR,nagliningkuron,FX,didto,FX,waray,MDFR,gud,CLTC,may,MDFR,nakasiring,FX,ha,DT,iya,PNN,nalingkod,VB,ngayan,FX,ngadto,FX,pwesto,NN,matapal-tapal,FX,waiter,FX,hunahuna,FX,pero,CJTN,diri,MDFR,yana,NN,an,DT,takna,NN,angay,MDFR,mangaway,FX,hin,FX,bangin,MDFR,umabot,VB,hi,DT,maruba,FX,pa,CLTC,lugod,CLTC,iton,FX,mga,MDFR,plano,NN,sanglit,CJTN,nahimo,VB,binalhin,FX,hiya,PNN,sakob,NN,harani,MDFR,han,DT,bartender,FX,dapit,MDFR

sir,FX,ano,PNN,ngay-an,CLTC,it,FX,ngaran,NN,tim,FX,uyab,NN

marian,FX

sige,MDFR,sir,FX,sorry,FX,ngay-an,CLTC,kanina,MDFR,ha,DT,nahingalimot,VB,ako,FX,nga,LNKR,gintugunan,FX,han,DT,am,FX,manager,FX

sige,MDFR,la,CLTC,adi,PNN,na,RP,maupay,MDFR,kun,FX,pwede,MDFR,pa,CLTC,ak,PNN,hibalik,FX,ngadto,FX,kay,CJTN,akseptaron,FX,ko,PNN,tim,FX,sorry,FX

hala,IJTN,man,CLTC,hi,DT,sir,FX,nagdudumot,FX,ka,PNN,gad,CLTC,ha,DT,ak,PNN

diri,MDFR,oy,FX,hala,IJTN,na,RP,kadto,VB,bangin,MDFR,umabot,VB,tak,FX,uyab,NN,idul-ong,FX,nganhi,PNN,ha,DT

oo,MDFR,gad,CLTC,sir,FX,mabawi,FX,ak,PNN,ha,DT,im,FX,yana,NN,hini,PNN

lumakat,VB,na,RP,an,DT,waiter,FX,ginhapyod,FX,ni,DT,carlo,FX,iya,PNN,buhok,NN,matig-a,MDFR,ini,PNN,ginpatindog,FX,pa,CLTC,niya,PNN,utro,MDFR,bisan,MDFR,naniniskig,FX,dara,VB,han,DT,gatsby,FX,gin-ayos,FX,polo,FX,ginpaspasan,FX,sarwal,FX,andam,FX,hiya,PNN,kan,DT,may,MDFR,pero,CJTN,diri,MDFR,naabot,FX

waray,MDFR,mag-iha,FX,bumagting,FX,ha,DT,may,MDFR,purtahan,FX,umulpot,VB,in,FX,usa,NMBR,nga,LNKR,customer,FX,gipupulahi,FX,an,DT,lipstick,FX,ngan,CJTN,naka-shades,FX,bisan,MDFR,gab-i,NN,na,RP,sakto,MDFR,la,CLTC,lawas,NN,hini,PNN,pan-model,FX,halipot,MDFR,saya,NN,naka-jacket,FX,pa,CLTC,dara,VB,ini,PNN,handbag,FX,versace,FX

may,MDFR

ron,FX

nag-aano,VB,ka,PNN,dinhi,PNN,nasiring,VB,aadto,PNN,ha,DT,calbayog,FX

may,MDFR,igkikita,FX,ko,PNN

hino,FX

basta,IJTN

nasiring,VB,ka,PNN,buwas,NN,pa,CLTC,mauli,VB,hino,FX,tim,FX,tuyo,NN,dinhi,PNN

tigda,MDFR,humuyo,FX,an,DT,waiter,FX,gihapon,FX,sumakob,VB

anay,MDFR,daw,MDFR,lalaki,NN,tim,FX,igkakakita,FX,nganhi,PNN,ano,PNN

sss-sangkay,FX,ko,PNN

nagtapo,FX,na,RP,an,DT,kiray,NN,han,DT,waiter,FX,nagtitikahugot,FX,tono,FX,iya,PNN,pagyayakan,FX

mayda,FX,nganhi,PNN,yana,NN,lalaki,NN,nga,LNKR,kanina,MDFR,pa,CLTC,naghihinulat,FX,ha,DT,iya,PNN,uyab,NN,marian,FX,it,FX,ngaran,NN

ano,PNN,man,CLTC,ako,FX,la,CLTC,ngayan,FX,it,FX,marian,FX,ha,DT,kalibutan,NN

oo,MDFR,ada,IJTN,karuyag,MDFR,mo,FX,tag-usa-usahon,FX,nat,FX,yana,NN,tam,FX,mga,MDFR,customer,FX,para,CJTN,ka,PNN,la,CLTC,hisayuran,FX

nanlingi,FX,na,RP,an,DT,mga,MDFR,kahigrani,FX,han,DT,waiter,FX,ngan,CJTN,bag-o,MDFR,nga,LNKR,ulpot,FX,customer,FX

ayaw,MDFR,hin,FX,guliat,FX,paghimo,VB,istoryahon,FX,nganhi,PNN,ron,FX

kay,CJTN,pagsumat,VB,hin,FX,kamatuoran,FX

lumingiw,FX,la,CLTC,an,DT,customer,FX,baga,MDFR,ini,PNN,hin,FX,nawarayan,VB,gana,FX,pagkaon,VB,han,DT,mao,FX,nga,LNKR,restaurant,FX,samtang,CJTN,waiter,FX,diri,MDFR,na,RP,ma-drawing,FX,nawong,NN

hin-o,PNN,tim,FX,tuyo,NN,nganhi,PNN,waray,MDFR,man,CLTC,kita,FX,sabot,NN,nga,LNKR,magkikita,VB,yana,NN,nagbinuwa,FX,ka,PNN,pa,CLTC,gud,CLTC,ha,DT,ak,PNN

diri,MDFR,klaro,MDFR,an,DT,ira,PNN,hiruhimangraw,FX,kun,FX,hain,PNN,nalingkod,VB,hi,DT,carlo,FX,baga,MDFR,ngan,CJTN,la,CLTC,hin,FX,waray,MDFR,kahibatii,FX,han,DT,mga,MDFR,nakadto,VB,buyayaw,FX,waiter,FX,iya,PNN,kaatubang,FX

sangkay,NN,ko,PNN,lagi,IJTN,bawal,MDFR,na,RP,ak,PNN,makikigkita,FX,tak,FX,yana,NN

kay,CJTN,ano,PNN,nagbibinuwa,FX,ka,PNN,pa,CLTC,ipakilala,FX,daw,MDFR,ha,DT,ak,PNN,iton,FX,nga,LNKR,im,FX,sangkay,NN,imo,FX,ginkakalisangan,FX

tigda,MDFR,ginkaptan,VB,han,DT,waiter,FX,an,DT,butkon,NN,customer,FX,gindanas,FX,niya,PNN,ini,PNN,tipakadto,VB,ha,DT,sakob,NN,pati,MDFR,mga,MDFR,katrabaho,FX,nakikiusyuso,FX,na,RP,nahinanabo,FX

ha,DT,sakob,NN,naman,CLTC,makuha,VB,na,RP,unta,FX,hi,DT,carlo,FX,han,DT,iya,PNN,espiho,FX,bag,FX,tigda,MDFR,niya,PNN,mabatian,FX,an,DT,boses,NN,ni,DT,may,MDFR,kan,DT,gud,CLTC,adto,PNN,sigurado,MDFR,hiya,PNN,asya,MDFR,ginbagnos,FX,utro,MDFR,mga,MDFR,palad,NN,ngan,CJTN,ginhuypan,FX,ini,PNN

sir,FX,amo,MDFR,ini,PNN,nga,LNKR,may,MDFR,tim,FX,ginhuhulat,FX

nandagko,FX,an,DT,mata,NN,ni,DT,carlo,FX

kay,CJTN,ano,PNN,nga,LNKR,kapot,VB,han,DT,waiter,FX,hi,DT,may,MDFR,baga,MDFR,malain,MDFR,man,CLTC,an,DT,pagdara,VB,hini,PNN,iya,PNN,uyab,NN,ira,PNN,sabot,NN,idudul-ong,FX,ha,DT,pero,CJTN,diri,MDFR,sugad,VB,pamaagi,NN,waray,MDFR,dadanason,FX,ngan,CJTN,papakaalohan,FX

nadiri,VB,hi,DT,carlo,FX,han,DT,iya,PNN,nakit-an,VB,ginbutong,FX,niya,PNN,may,MDFR

oo,MDFR,kay,CJTN,ano,PNN,may,MDFR,problema,NN,kita,FX,bastos,FX,ka,PNN,man,CLTC,diri,MDFR,sugad,VB,it,FX,pagkapot,FX,hit,FX,babaye,FX,labi,FX,na,RP,nga,LNKR,uyab,NN,ko,PNN,ini,PNN

iya,PNN,ini,PNN,ginhangkupan,FX,mahal,MDFR,ok,FX,ka,PNN,la,CLTC

pinurot,FX,hin,FX,lingkuran,NN,an,DT,waiter,FX,ngan,CJTN,ginlabog,FX,ini,PNN,ha,DT,atubangan,MDFR,nira,PNN,carlo,FX,may,MDFR,gumuliat,FX,nagawas,VB,na,RP,mga,MDFR,ugat,NN,namumula,FX,han,DT,kaisugon,FX,baga,MDFR,yana,NN,nakakaon,FX,harang,FX,nga,LNKR,waray,MDFR,sarabutan,FX,ngayan,FX,iya,PNN,ginkaon,VB,nakakita,VB,engkanto,FX

uyab,NN,mo,FX,ini,PNN

diba,FX,nagsiring,VB,na,RP,ako,FX,ha,DT,imo,FX,kanina,MDFR,ginbaton,VB,ko,PNN,naman,CLTC,ikaw,FX

tigda,MDFR,nga,LNKR,ginbanyakan,FX,han,DT,waiter,FX,an,DT,lingkuran,NN,tipakadto,VB,ha,DT,may,MDFR,cashier,FX,dapit,MDFR

kay,CJTN,uyab,NN,ko,PNN,gihap,MDFR,ito,FX

baga,MDFR,hin,FX,nabungol,FX,hi,DT,carlo,FX,han,DT,iya,PNN,nabatian,VB,tigda,MDFR,nagdudrungan,FX,pagkarukayakan,FX,an,DT,mga,MDFR,lingkuran,NN,may,MDFR,naglabay,NN,ha,DT,bato,NN,ngan,CJTN,direkta,FX,nga,LNKR,naigo,VB,ulo,NN,nagdudurugo,FX,na,RP,ini,PNN,yana,NN,pero,CJTN,diri,MDFR,hiya,PNN,naabat,VB,sakit,NN,nagdudugo,FX

ngan,CJTN,sumiplat,FX,hiya,PNN,kan,DT,may,MDFR,nagtitinamod,FX,ini,PNN,sabot,NN,nga,LNKR,nagtatangis,FX,na,RP

uyab,NN,ko,PNN,tim,FX,may,MDFR,diba,FX,mo,FX,ako,FX,baton,VB,nga,LNKR,letse,FX,ka,PNN

pumitad,FX,hi,DT,carlo,FX,ngan,CJTN,gindanas,FX,hini,PNN,an,DT,waiter,FX,tipagawas,FX,katima,MDFR,ginduso,FX,ni,DT,hin,FX,tiupay,FX,ginpatilaw,FX,ini,PNN,niya,PNN,kun,FX,ano,PNN,kaupay,MDFR,iton,FX,iya,PNN,duha,NMBR,nga,LNKR,kamaoo,FX,nahilasik,FX,naman,CLTC,ha,DT,ligid,NN,klaro,MDFR,nagdudugo,FX,na,RP,irong,NN,pero,CJTN,diri,MDFR,pa,CLTC,nakukukuntento,FX,karuyag,MDFR,dagpason,FX,gamit,VB,lingkuran,NN,niyan,MDFR,tigda,MDFR,gumuliat,FX,may,MDFR

ayaw,MDFR

paspasay,FX,an,DT,tuok,FX,hini,PNN,napara,FX,na,RP,mascara,FX,diri,MDFR,nakakayakan,FX,hin,FX,tiupay,FX,kay,CJTN,naghihinikbion,FX,la,CLTC,ini,PNN

nahilabog,FX,an,DT,lingkuran,NN,ha,DT,ligid,NN,naigo,VB,tiil,NN,han,DT,usa,NMBR,nga,LNKR,customer,FX,pero,CJTN,waray,MDFR,may,MDFR,nahibatian,FX,reklamo,VB,tikang,MDFR,hini,PNN,natago,FX,na,RP,kusina,NN,mga,MDFR,sindo,FX,nakadto,VB,cashier,FX,ngan,CJTN,bartender,FX,iba,MDFR,pa,CLTC,waiter,FX,kahibulag,FX,siplat,VB,ira,PNN,tulo,NMBR,lalaki,NN,nanuntok,FX,nagtitinangis,FX

mamingaw,MDFR,adto,PNN,nga,LNKR,takna,NN,bisan,MDFR,an,DT,radyo,NN,baga,MDFR,nawara,VB,istasyon,FX,tigda,MDFR,umundang,VB,pagtinangis,FX,hi,DT,may,MDFR

nanighawak,FX,kadaliay,FX,hi,DT,carlo,FX,hulos,MDFR,na,RP,an,DT,iya,PNN,plinantsa,FX,nga,LNKR,polo,FX,hin,FX,balhas,NN,gininhawa,FX,liwat,CLTC,hiya,PNN,halawig,FX,ngan,CJTN,siniplat,FX,kan,DT,may,MDFR,gintik-om,FX,baba,VB,ginhapyod,FX,agtang,NN,buhok,NN,tumiskig,FX,ginrabot,FX,niya,PNN,alimpupuro,FX,utro,MDFR,siniplatan,FX,babaye,FX,nakada,VB,han,DT,atubangan,MDFR

pumiyong,FX,na,RP,la,CLTC,hi,DT,carlo,FX,naghinay-hinay,FX,hiya,PNN,pagpitad,FX,tipagawas,FX,ginkikinitaan,FX,gihapon,FX,han,DT,mga,MDFR,tawo,NN,nga,LNKR,nakadto,VB,ha,DT,sakob,NN,chew,FX,love,FX

gintitinulon,FX,niya,PNN,an,DT,iya,PNN,laway,NN,samtang,CJTN,hiya,PNN,nagawas,VB,diri,MDFR,maaram,MDFR,kun,FX,makain,VB,sunod,VB,waray,MDFR,na,RP,igsarabot,FX,ano,PNN,oras,NN,karuyag,MDFR,umuli,VB,uminom,FX,oo,MDFR,pero,CJTN,diin,PNN,ngan,CJTN,kay,CJTN,nainom,VB,maiha,MDFR,nga,LNKR,iinom,FX,tikang,MDFR,han,DT,maging,FX,hira,PNN,ni,DT,may,MDFR,usa,NMBR,ka-tuig,FX,buwas,NN,unta,FX

humuyo,FX,hi,DT,carlo,FX,ha,DT,may,MDFR,granda,FX,manor,FX,nahinumduman,FX,niya,PNN,nga,LNKR,amo,MDFR,ini,PNN,an,DT,karuyag,MDFR,balay,NN,ni,DT,nahinumdom,FX,hiya,PNN,han,DT,iya,PNN,plano,NN,ipasyada,FX,dinhi,PNN,katapos,MDFR,kunta,CLTC,nira,PNN,mangaon,VB,liwat,CLTC,nahinabo,FX,kanina,MDFR

ginsinuntok,FX,ni,DT,carlo,FX,an,DT,pader,FX,makaduha,NMBR,waray,MDFR,na,RP,hiya,PNN,utro,MDFR,kay,CJTN,namula,FX,iya,PNN,kamaoo,FX,han,DT,siyahan,FX,pa,CLTC,la,CLTC

samtang,CJTN,nauuul-an,FX,ha,DT,may,MDFR,granda,FX,manor,FX,hi,DT,carlo,FX,bumalik,VB,na,RP,an,DT,istasyon,FX,radyo,NN,baga,MDFR,gud,CLTC,la,CLTC,hin,FX,gin-timing,FX,han,DT,dj,FX,mga,MDFR,panhitabo,NN

pero,CJTN,pasangil,FX,la,CLTC,ngayan,FX,an,DT,pakigduyog,FX,han,DT,kalibutan,NN,kan,DT,carlo,FX,una,NMBR

agi,VB,love,FX,baga,MDFR,man,CLTC,hin,FX,salida,FX,an,DT,at,FX,nakit-an,VB,kanina,MDFR,sangpat,FX,usa,NMBR,nga,LNKR,babaye,FX

lagi,IJTN,hanu,FX,pero,CJTN,sagdi,FX,na,RP,it,FX,hira,PNN,happy,FX,valentine,FX,s,FX,utro,MDFR,love,FX,baton,VB,han,DT,lalaki,NN,nga,LNKR,iya,PNN,padis,NN

ginbalik,FX,na,RP,han,DT,mga,MDFR,natrabaho,VB,ha,DT,chew,FX,love,FX,an,DT,nanhihapil,FX,nga,LNKR,lingkuran,NN,ginhangkupan,FX,ni,DT,may,MDFR,hi,DT,ron,FX,ngan,CJTN,ginpahid,FX,hini,PNN,dugo,NN,naawas,FX,iya,PNN,irong,NN

ginsisiniplatan,FX,hira,PNN,han,DT,usa,NMBR,nga,LNKR,nakaon,VB,didto,FX,samtang,CJTN,ginbubuhat,VB,nira,PNN,ini,PNN,kahuman,FX,lumingiw,FX,na,RP,la,CLTC,customer,FX,ha,DT,bintana,NN

maaram,MDFR,na,RP,hiya,PNN,kun,FX,ano,PNN,an,DT,masunod,VB,baga,MDFR,la,CLTC,hin,FX,nagkita,VB,tubig,NN,at,FX,langis,FX,hadto,PNN,nga,LNKR,gab-i,NN
