an|DT,white|MDFR,lady|NN,.|?
manually|FW,tag|AFX,words|FW,in|IJTN,this|FW,document|FW,as|FW,frequent|FW,*|?
nagin|MDFR,pirme|MDFR,na|RP,nga|DT,estoryahon|NN,an|DT,white|MDFR,lady|NN,nga|DT,nagpapakita|VB,hin|IJTN,gab-i|NN,ha|DT,masirom|MDFR,nga|DT,.|?
sementeryo|NN,han|DT,san|DT,roque|NN,",|?",usa|NMBR,nga|DT,pobre|NN,nga|DT,bungto|NN,nga|DT,nga|DT,naaagian|NN,han|DT,maharlika|MDFR,highway|NN,\|?
nga|DT,nagpapahot|VB,ha|DT,probinsya|NN,nga|DT,sugad|VB,hin|IJTN,gin|CJTN,ubahan|NN,han|DT,panahon|NN,",|?",an|DT,samar|NN,",|?"
may|MDFR,mga|MDFR,nasering|VB,nga|DT,an|DT,kaurusahon|MDFR,han|DT,babaye|NN,nga|DT,may|MDFR,busag|NN,nga|DT,sol-ot|MDFR,in|IJTN,makikita|VB,ha|DT,mga|MDFR,alas|MDFR,diyes|NMBR,han|DT,kagab-ihon|NN,.|?
tunay|MDFR,nga|DT,nagkakahadlok|MDFR,ngan|CJTN,namamarat|MDFR,god|NN,an|DT,mga|MDFR,barahibo|NN,han|DT,mga|MDFR,nagpakakita|VB,na|RP,hini|PNN,labi|DT,na|RP,an|DT,mga|MDFR,magtinuoron|MDFR,han|DT,mga|MDFR,murto|NN,",|?",kapre|NN,",|?",unglo|NN,o|CJTN,aswang|NN,!|?
nga|DT,kuno|CLTC,padayon|VB,nga|DT,nakikit-an|VB,ha|DT,probinsya|NN,nga|DT,mahinay|MDFR,an|DT,pag-uswag|VB,+|?
an|DT,san|DT,roque|NN,in|IJTN,pobrehanon|MDFR,nga|DT,bungto|NN,kun|DT,diin|PNN,mayorya|NN,han|DT,mga|MDFR,tawo|NN,nabubuhi|VB,ha|DT,pag-uma|VB,ngan|CJTN,pangisda|VB,||?
bisan|MDFR,kun|DT,nagin|MDFR,munisipyo|NN,ini|PNN,may|MDFR,sisenta|NMBR,katuig|DT,na|RP,an|DT,naglabay|NN,",|?",matatad-|VB,/|?
an|DT,la|CLTC,gihap|MDFR,ha|DT,poblasyon|NN,an|DT,mga|MDFR,godtiay|MDFR,nga|DT,balay|NN,nga|DT,himo|VB,ha|DT,kawayan|NN,ngan|CJTN,pawod|NN,bunga|NN,han|DT,`|?
kakorian|NN,nga|DT,mapadokwag|VB,han|DT,mga|MDFR,molopyo|NN,an|DT,panginabuhi|NN,tungod|MDFR,han|DT,mga|MDFR,bisyo|NN,nga|DT,nagin|MDFR,parte|NN,na|RP,han|DT,ira|PNN,panginabuhi|NN,sugad|VB,han|DT,bolang|NN,hin|IJTN,manok|NN,",|?",tong-it|NN,",|?",sugal|NN,",|?",pag-inom|VB,hin|IJTN,makahurubog|NN,ngan|CJTN,mga|MDFR,pambabaye|VB,han|DT,mga|MDFR,kalalakin-an|NN,%|?
kun|DT,may|MDFR,pira|MDFR,man|CLTC,nga|DT,nakapagbalay|VB,hin|IJTN,konkreto|MDFR,waray|MDFR,iba|MDFR,kundi|CJTN,an|DT,mga|MDFR,nagpabalhas|VB,ha|DT,langyaw|NN,ngan|CJTN,mga|MDFR,kurakot|MDFR,nga|DT,opisyal|NN,han|DT,bungto|NN,.|?
ha|DT,kahilab-an|MDFR,han|DT,maharlika|MDFR,highway|NN,mga|MDFR,tunga|MDFR,hin|IJTN,kilometro|DT,tikang|MDFR,ha|DT,sementeryo|NN,han|DT,-|?
bungto|NN,igintindog|VB,an|DT,usa|NMBR,nga|DT,negosyo|NN,han|DT,mayor|NN,an|DT,tinawag|VB,nga|DT,balay|NN,han|DT,kalipay|NN,kun|DT,diin|PNN,nagliliaw|VB,libang|NN,an|DT,mga|MDFR,kalakin-an|NN,kun|DT,gab-i|NN,pinaagi|VB,hin|IJTN,pag-inom|VB,ngan|CJTN,pag-angbit|VB,han|DT,mada|NN,liay|VB,nga|DT,kalipay|NN,tikang|MDFR,ha|DT,mga|MDFR,kabataan|NN,nga|DT,nag-aantos|VB,ha|DT,kakablasan|NN,~|?
dire|CJTN,mag-aram|VB,an|DT,kadam-an|MDFR,nga|DT,waray|MDFR,pakasulod|VB,ha|DT,gindadayo|VB,nga|DT,institusyon|NN,ha|DT,san|DT,roque|NN,nga|DT,ini|PNN,in|IJTN,sentro|NN,han|DT,prostitusyon|NN,$|?
ngan|CJTN,an|DT,makangingirhat|VB,pinanag-iyahan|MDFR,ini|PNN,han|DT,meyor|NN,=|?
dinhi|PNN,napakanhi|VB,an|DT,mga|MDFR,lalaki|NN,nga|DT,may|MDFR,mga|MDFR,asawa|NN,nga|DT,nagmiminopos|NN,",|?",mga|MDFR,daugan|MDFR,hin|IJTN,hoygo|NN,ngan|CJTN,mga|MDFR,kalalakin-an|NN,<|?
nga|DT,una|NMBR,nga|DT,matilaw|VB,han|DT,surondon|MDFR,nga|DT,sala|NN,ha|DT,kalibutan|NN,{|?
mga|MDFR,usa|NMBR,kakilometro|NMBR,naman|CLTC,tikang|MDFR,ha|DT,paralitan|MDFR,han|DT,unod|NN,matatad-an|MDFR,liwat|CLTC,an|DT,usa|NMBR,pa|CLTC,nga|DT,negosyo|NN,ni|DT,meyor|NN,cho|NN,an|DT,galyera|NN,o|CJTN,bulangan|NN,kun|DT,diin|PNN,nagtuturogpo|VB,an|DT,mga|MDFR,paragbolang|NN,kada|MDFR,%|?
martes|NN,",|?",hoybes|NN,",|?",sabado|MDFR,ngan|CJTN,domingo|MDFR,}|?
ha|DT,poblasyon|NN,han|DT,san|DT,roque|NN,",|?",ha|DT,balay|NN,mismo|MDFR,han|DT,mayor|NN,nadayo|VB,an|DT,mga|MDFR,madyongera|NN,",|?",pa-|DT,;|?
ragtog-it|MDFR,ngan|CJTN,sakla|VB,/|?
kan|DT,mayor|NN,gihap|MDFR,namamalit|MDFR,hin|IJTN,baras|NN,an|DT,bug-os|MDFR,nga|DT,lalawigan|NN,kay|CJTN,ginangkon|MDFR,niya|PNN,an|DT,mga|MDFR,baybayon|NN,nga|DT,nasasakop|MDFR,han|DT,san|DT,roque|NN,.|?
ha|DT,usa|NMBR,nga|DT,pobrehanon|MDFR,nga|DT,balay|NN,ha|DT,butnga|MDFR,han|DT,san|DT,roque|NN,permi|MDFR,na|RP,an|DT,paglalantugi|VB,nahihitabo|VB,?|?
iukoy|VB,na|RP,an|DT,imo|DT,kasaranggapanan|MDFR,anak|NN,",|?",dire|CJTN,tingali|VB,karuyag|MDFR,han|DT,diyos|NN,nga|DT,magkamayada|VB,"""|?"
ka|PNN,edukasyon|NN,",|?",pahinomdom|VB,ni|DT,man|CLTC,onsoy|NN,ha|DT,anak|NN,@|?
ngan|CJTN,mahinugad|VB,ha|DT,iyo|PNN,ni|DT,inay|NN,nga|DT,di|CJTN,masabutan|VB,kun|DT,hain|PNN,makuha|VB,hin|IJTN,isusun-ad|VB,kada|MDFR,pag|IJTN,_|?
ool-ol|VB,hit|IJTN,bitukahan|NN,dara|VB,hit|IJTN,gutom|NN,?|?,hi|DT,mara|MDFR,sumagbang|VB,nga|DT,may|MDFR,kauriton|MDFR,#|?
dire|CJTN,gad|CLTC,anak|NN,an|DT,ikinahahadlok|MDFR,ko|PNN,an|DT,imo|DT,paglalakat|VB,hin|IJTN,katotnga|MDFR,han|DT,kagab-ihon|NN,",|?",bangin|MDFR,+|?
kun|DT,ano|PNN,na|RP,an|DT,mga|MDFR,binubuhat|VB,mo|NN,ngan|CJTN,maghikaraot|MDFR,ka|PNN,{|?
poyde|MDFR,ba|CLTC,itay|NN,ayaw|MDFR,na|RP,panginlabot|VB,ha|DT,akon|PNN,binubuhat|VB,",|?",total|MDFR,waray|MDFR,ka|PNN,man|CLTC,nahihimo|VB,hit|IJTN,imo|DT,responsibilidad|MDFR,ha|DT,ak|PNN,kumo|MDFR,anak|NN,",|?",sanglit|CJTN,alayon|IDEX,daw|MDFR,ayaw|MDFR,ako|PNN,pogngi|VB,ha|DT,akon|PNN,mga|MDFR,karuyag|MDFR,.|?
nag-eeskoyla|VB,hi|DT,mara|MDFR,ha|DT,ikatulo|NMBR,katuig|DT,hin|IJTN,political|NN,science|NN,",|?",pirit|VB,niya|PNN,nga|DT,igin|CJTN,kakamang|VB,an|DT,pag-eskoyla|NN,agod|VB,mabag-o|VB,an|DT,iya|PNN,kinabuhi|NN,~|?
nagsasawa|VB,na|RP,hiya|PNN,ha|DT,pirme|MDFR,nga|DT,paghinapdos|VB,han|DT,iya|PNN,tiyan|NN,ngan|CJTN,para|CJTN,mabag-o|VB,nakapinsar|MDFR,hiya|PNN,hin|IJTN,pamaagi|NN,nga|DT,makakakwarta|VB,hiya|PNN,bisan|MDFR,kun|DT,baga|MDFR,maraot|MDFR,kun|DT,baga|MDFR,mababaroan|VB,han|DT,iba|MDFR,kundi|CJTN,iya|PNN,ini|PNN,bubuhaton|VB,para|CJTN,kumita|VB,hin|IJTN,kwarta|NN,ngan|CJTN,may|MDFR,magastos|MDFR,ha|DT,iya|PNN,pag-iskoyla|NN,)|?
nabubuhi|VB,ha|DT,paglalabas|VB,hin|IJTN,isda|NN,an|DT,tatay|NN,ni|DT,mara|MDFR,ngan|CJTN,an|DT,iya|PNN,nanay|NN,pirme|MDFR,nga|DT,nagsusugal|VB,.|?
ngan|CJTN,pirme|MDFR,waray|MDFR,ha|DT,ira|PNN,panimalay|NN,@|?
patag-usa|MDFR,kun|DT,umagi|VB,an|DT,sarakyan|NN,ha|DT,san|DT,roque|NN,ngan|CJTN,bisan|MDFR,kun|DT,dinhi|PNN,naagi|VB,an|DT,mga|MDFR,bus|NN,tipakadto|VB,mindanaw|NN,gintutuman|MDFR,nga|DT,adlaw|NN,la|CLTC,maabot|VB,ha|DT,samar|NN,para|CJTN,dire|CJTN,mabiktima|VB,han|DT,mga|MDFR,pagtikas|VB,ngan|CJTN,panholdap|VB,han|DT,mga|MDFR,rebelde|MDFR,||?
ha|DT,mga|MDFR,kagab-ihon|NN,nga|DT,waray|MDFR,tawo|NN,ug|CJTN,maupay|MDFR,an|DT,panahon|NN,an|DT,pagkadto|VB,ni|DT,mara|MDFR,ha|DT,sementeryo|NN,agod|VB,buhaton|VB,an|DT,papel|NN,hin|IJTN,usa|NMBR,nga|DT,murto|NN,'|?
pinit|NN,an|DT,bulan|NN,",|?",mamingaw|MDFR,an|DT,palibot|NN,",|?",mataghom|MDFR,an|DT,hoyop|VB,han|DT,hangin|NN,",|?",kahuhuman|VB,pala|IJTN,ni|DT,{|?
konsehal|NN,perfecto|MDFR,magpakalipay|VB,ha|DT,balay|NN,han|DT,kalipay|NN,han|DT,tigda|MDFR,la|CLTC,nga|DT,di|CJTN,umandar|VB,an|DT,iya|PNN,sasakyan|NN,nga|DT,modelo|NN,90|NMBR,{|?
pirit|VB,nga|DT,nagbaktas|VB,an|DT,konsehal|NN,ha|DT,masirom|MDFR,nga|DT,kakahoyan|NN,ha|DT,atubangan|MDFR,han|DT,sementeryo|NN,:|?
nag-uusahan|MDFR,ha|DT,iya|PNN,paglakat|VB,an|DT,konsehal|NN,tipauli|VB,ha|DT,iya|PNN,balay|NN,ha|DT,kabotngaan|MDFR,han|DT,bungto|NN,(|?
ha|DT,kasidman|MDFR,mga|MDFR,syen|NMBR,metros|NN,pa|CLTC,an|DT,distansya|NN,natan-aw|VB,na|RP,niya|PNN,an|DT,ma|DT,kaharadlok|MDFR,nga|DT,white|MDFR,lady|NN,",|?",nakadognit|MDFR,pankasal|MDFR,ngan|CJTN,nakalugay|MDFR,an|DT,halaba|MDFR,nga|DT,buhok|NN,.|?
nagtikang|VB,an|DT,kahadlok|VB,han|DT,konsehal|NN,",|?",nawara|VB,an|DT,kaisog|MDFR,niya|PNN,ha|DT,konseho|NN,ngan|CJTN,naglaksi|VB,an|DT,tibok|VB,han|DT,iya|PNN,kasing-kasing|NN,'|?
tumabok|VB,han|DT,highway|NN,an|DT,babaye|NN,nga|DT,murto|NN,ngan|CJTN,nanaghoy|VB,nga|DT,hinay|VB,nga|DT,naglakat|VB,daw|MDFR,sugad|VB,hin|IJTN,tukal|VB,ha|DT,tuna|NN,",|?"
nadogangan|VB,an|DT,laksi|CJTN,han|DT,putok|NN,ha|DT,kasing-kasing|NN,han|DT,konsehal|NN,ngan|CJTN,tigda|MDFR,humuyatang|VB,ha|DT,ligid|NN,han|DT,kalye|NN,<|?
domaop|VB,hi|DT,mara|MDFR,",|?",waray|MDFR,na|RP,kinabuhi|NN,an|DT,konsehal|NN,ngan|CJTN,ha|DT,wallet|NN,nakuha|VB,an|DT,mga|MDFR,bug-os|MDFR,nga|DT,tinagmel|VB,kumo|MDFR,sweldo|NN,han|DT,mga|MDFR,illegal|MDFR,nga|DT,mga|MDFR,paglakat|VB,ngan|CJTN,allowance|NN,han|DT,konsehal|NN,@|?
kahuman|CJTN,nga|DT,makuha|VB,an|DT,disisaismel|NMBR,ka|PNN,pesos|NN,ha|DT,konsehal|NN,waray|MDFR,na|RP,magpakita|VB,an|DT,white|MDFR,lady|NN,hadto|PNN,nga|DT,gab-i|NN,=|?
ha|DT,lamay|NN,han|DT,konsehal|NN,bumisita|VB,hi|DT,mara|MDFR,.|?
kadam-an|MDFR,han|DT,nakidugok|VB,han|DT,kasubo|NN,an|DT,mga|MDFR,na-|DT,/|?
tagan|VB,hin|IJTN,bolig|VB,han|DT,nabubuhi|VB,pa|CLTC,an|DT,kurakot|MDFR,nga|DT,konsehal|NN,`|?
nakadto|VB,gihap|MDFR,an|DT,amay|NN,ni|DT,mara|MDFR,nga|DT,kaedad|MDFR,la|CLTC,han|DT,konsehal|NN,.|?
pareho|MDFR,han|DT,gingagaraan|VB,nga|DT,batasan|MDFR,han|DT,mga|MDFR,taga|VB,san|DT,roque|NN,damo|MDFR,an|DT,lamisa|NN,han|DT,lamay|NN,nga|DT,napupuno|VB,hin|IJTN,mga|MDFR,horoygo|NN,nga|DT,gingagamitan|MDFR,hin|IJTN,baraha|NN,:|?
kahuman|CJTN,humiling|VB,ha|DT,longon|NN,lumingkod|VB,na|RP,ini|PNN,hausa|DT,nga|DT,bakante|ADJV,nga|DT,lingkuran|NN,nga|DT,plastic|FW,.|?
pade|NN,onsoy|NN,|OOV,",|?",maswerte|MDFR,ka|PNN,god|NN,hit|IJTN,nga|DT,imo|DT,anak|NN,",|?",waray|MDFR,la|CLTC,sabota|VB,mahuhuman|VB,na|RP,ngayan|CLTC,an|DT,-|?
kolehiyo|NN,",|?",pag-abri|VB,han|DT,usa|NMBR,nga|DT,sangkay|NN,ni|DT,man|CLTC,onsoy|NN,.|?
pade|NN,",|?",maduroto|MDFR,la|CLTC,an|DT,anak|NN,ko|PNN,",|?",nag-aahente|VB,hin|IJTN,aplayanses|NN,",|?",sanglit|CJTN,pirme|MDFR,may|MDFR,komisyon|MDFR,.|?
waray|MDFR,iba|MDFR,nga|DT,maaram|MDFR,han|DT,sikreto|MDFR,han|DT,white|MDFR,lady|NN,kun|DT,dire|CJTN,hi|DT,mara|MDFR,ngan|CJTN,hi|DT,meyor|NN,mismo|MDFR,@|?
han|DT,san|DT,roque|NN,||?
domingo|MDFR,han|DT,gab-i|NN,[|?
pagkatapos|MDFR,nga|DT,magliaw-libang|VB,ha|DT,balay|NN,han|DT,kalipay|NN,ni|DT,mr|NN,(|?
pornada|MDFR,",|?",budget|NN,officer|NN,han|DT,munisipyo|NN,in|IJTN,tigda|MDFR,nga|DT,nag-aberya|VB,an|DT,iya|PNN,motor|NN,nga|DT,dukati|NN,.|?
na-|DT,-|?
piritan|NN,maglakat|VB,ha|DT,ligid|NN,han|DT,sementeryo|NN,an|DT,opisyal|NN,ngan|CJTN,han|DT,na|RP,ha|DT,yungod|VB,na|RP,hiya|PNN,han|DT,sementeryo|NN,tigda|MDFR,nga|DT,gumawas|VB,an|DT,ginkakahadlokan|MDFR,nga|DT,white|MDFR,lady|NN,.|?
ginmakadaraop|VB,han|DT,lalaki|NN,an|DT,murto|NN,kundi|CJTN,samtang|CJTN,tihirani|MDFR,hiya|PNN,napaharayo|MDFR,naman|CLTC,an|DT,babaye|NN,nga|DT,busag|NN,ha|DT,iya|PNN,(|?
nawara|VB,"""|?"
ha|DT,butnga|MDFR,han|DT,kakahoyan|NN,an|DT,white|MDFR,lady|NN,ngan|CJTN,manilampuson|MDFR,nga|DT,nakauli|VB,an|DT,budget|NN,officer|NN,ha|DT,`|?
ira|PNN,panimalay|NN,$|?
kinabuwasan|NN,istorya|VB,god|NN,ha|DT,munisipyo|NN,an|DT,white|MDFR,lady|NN,nga|DT,nagpakita|VB,kan|DT,mr|NN,.|?
pornada|MDFR,_|?
tunga|MDFR,an|DT,opinyon|NN,han|DT,mga|MDFR,nakabati|VB,",|?",may|MDFR,nasering|VB,nga|DT,normal|FW,la|CLTC,kuno|CLTC,ito|CJTN,ha|DT,sementeryo|NN,nga|DT,puro|MDFR,kakahoyan|NN,",|?",may|MDFR,nasering|VB,nga|DT,usa|NMBR,ini|PNN,nga|DT,kalag|NN,nga|DT,naaro|VB,hin|IJTN,hustisya|NN,pero|CJTN,mas|MDFR,segurado|MDFR,waray|MDFR,gud|CLTC,hibabaroi|VB,an|DT,sekreto|MDFR,han|DT,white|MDFR,lady|NN,-|?
miyerkules|NN,",|?",kulop|MDFR,ngan|CJTN,waray|MDFR,klase|NN,hi|DT,mara|MDFR,ha|DT,kolehiyo|NN,nga|DT,sinusodlan|NN,ha|DT,kabesera|MDFR,han|DT,lalawigan|NN,",|?"
dumaop|VB,hi|DT,george|NN,nga|DT,iya|PNN,kosoylo|MDFR,ha|DT,iya|PNN,kinamumutangan|MDFR,nga|DT,lindong|VB,han|DT,narra|NN,ha|DT,'|?
atubangan|MDFR,han|DT,administration|FW,building|FW,<|?
segi|IJTN,na|RP,mara|MDFR,sunod|MDFR,na|RP,ha|DT,ak|PNN,karuyag|MDFR,%|?
kun|DT,karuyag|MDFR,mo|NN,nga|DT,magkadayon|MDFR,kita|MDFR,ako|PNN,an|DT,sunda|VB,george|NN,"""|?"
pero|CJTN,karuyag|MDFR,ko|PNN,nga|DT,matuman|VB,an|DT,karuyag|MDFR,ko|PNN,nga|DT,magin|DT,tambalan|NN,",|?",nasering|VB,hi|DT,lolo|NN,gusting|NN,nga|DT,kumadto|VB,ngani|DT,ako|PNN,hin|IJTN,gab-i|NN,ha|DT,sementeryo|NN,han|DT,san|DT,roque|NN,makakaaway|MDFR,ko|PNN,in|IJTN,higante|NN,ngan|CJTN,kun|DT,mapirde|VB,ko|PNN,daw|MDFR,asya|MDFR,na|RP,hin|IJTN,pagkamay-ada|MDFR,ko|PNN,gahom|NN,nga|DT,makapagbulong|VB,;|?
segi|IJTN,ikaw|NN,bahala|VB,pero|CJTN,tigamni|VB,tikang|MDFR,yana|NN,break|FW,na|RP,kita|MDFR,%|?
masakit|MDFR,an|DT,desisyon|NN,mo|NN,mara|MDFR,",|?",pero|CJTN,dire|CJTN,mo|NN,ako|PNN,naiintindihan|MDFR,ngan|CJTN,ano|PNN,pa|CLTC,an|DT,serbe|MDFR,hit|IJTN,aton|IJTN,relasyon|NN,kun|DT,dire|CJTN,kita|MDFR,magkakaintindihay|VB,\|?
gab-i|NN,han|DT,biyernes|NN,masirom|MDFR,god|NN,hin|IJTN,duro|IJTN,an|DT,palibot|NN,han|DT,sementeryo|NN,han|DT,san|DT,roque|NN,ngan|CJTN,.|?
mga|MDFR,bukatkat|NN,la|CLTC,an|DT,nagsisiwak|VB,han|DT,masirom|MDFR,nga|DT,lubnganan|NN,<|?
ganado|MDFR,hi|DT,george|NN,ha|DT,iya|PNN,paglakat-lakat|VB,agod|VB,matuman|VB,an|DT,tuyo|NN,ha|DT,sementeryo|NN,'|?
masirom|MDFR,man|CLTC,ha|DT,gab-i|NN,dire|CJTN,poyde|MDFR,an|DT,pagdara|VB,hin|IJTN,suga|NN,subay|VB,han|DT,sering|VB,ni|DT,lolo|NN,gusting|NN,kay|CJTN,dire|CJTN,mapakita|VB,an|DT,higante|NN,nga|DT,maghahatag|VB,hin|IJTN,gahom|NN,*|?
mga|MDFR,beynte|NMBR,ka|PNN,pitad|VB,ha|DT,butnga|MDFR,han|DT,sementeryo|NN,nasilag|MDFR,an|DT,babaye|NN,nga|DT,nakabusag|MDFR,ha|DT,ulitawo|NN,nga|DT,palakat-lakat|VB,ha|DT,mga|MDFR,pantiyon|VB,'|?
gintawag|VB,an|DT,babaye|NN,",|?",miss|FW,anay|MDFR,daw|MDFR,!|?,waray|MDFR,lingi|VB,an|DT,babaye|NN,",|?",na-|DT,/|?
hipausa|VB,an|DT,ulitawo|NN,ha|DT,pagharayo|VB,hini|PNN,ngan|CJTN,gupong|MDFR,nga|DT,sinundan|VB,an|DT,babaye|NN,"""|?"
napatunob|VB,hi|DT,george|NN,ha|DT,madalunot|MDFR,nga|DT,bawbaw|MDFR,hin|IJTN,usa|NMBR,nga|DT,pantiyon|VB,ug|CJTN,nawara|VB,an|DT,balanse|MDFR,=|?
nahulog|VB,an|DT,uli-|VB,#|?
tawo|NN,ngan|CJTN,tumama|VB,an|DT,ulo|NN,ha|DT,dako|MDFR,nga|DT,bato|NN,[|?
kinabuwasan|NN,naagian|MDFR,an|DT,patay|MDFR,nga|DT,lawas|NN,ni|DT,george|NN,ngan|CJTN,ha|DT,bulig|NN,han|DT,mga|MDFR,molopyo|NN,gindara|VB,ini|PNN,ha|DT,ira|PNN,lugar|NN,\|?
dire|CJTN,gud|CLTC,maaram|MDFR,hi|DT,mara|MDFR,han|DT,dinangatan|MDFR,han|DT,iya|PNN,anay|MDFR,konsoylo|VB,[|?
nahibaroan|CJTN,na|RP,la|CLTC,ini|PNN,ha|DT,mga|MDFR,hurob-hurob|VB,han|DT,mga|MDFR,taga|VB,san|DT,roque|NN,-|?
usa|NMBR,nga|DT,gab-i|NN,nagkita|VB,hi|DT,mara|MDFR,ngan|CJTN,meyor|NN,cho|NN,ha|DT,sementeryo|NN,",|?",nagpasabot|VB,hin|IJTN,kauriton|MDFR,an|DT,mayor|NN,ha|DT,butang|NN,nga|DT,di|CJTN,pa|CLTC,niya|PNN,nakukuha|VB,kan|DT,mara|MDFR,<|?
ano|PNN,ka|PNN,ba|CLTC,mara|MDFR,",|?",mahuhuman|VB,mo|NN,na|RP,an|DT,imo|DT,kurso|NN,dire|CJTN,mo|NN,pa|CLTC,naitutobyan|VB,an|DT,imo|DT,pagkababaye|NN,ha|DT,akon|PNN,",|?",sawa|NN,na|RP,ako|PNN,ha|DT,puro|MDFR,harok|VB,ha|DT,aton|IJTN,mga|MDFR,kawat|VB,nga|DT,pagkikita|VB,@|?
meyor|NN,kun|DT,ungod|MDFR,nga|DT,mahal|MDFR,mo|NN,ako|PNN,ihatag|VB,na|RP,an|DT,hingyap|NN,ko|PNN,nga|DT,balay|NN,ha|DT,kabesera|MDFR,)|?
nga|DT,bungto|NN,||?
ano|PNN,nalulurong|PNN,ka|PNN,na|RP,ba|CLTC,",|?",paonan-o|MDFR,mo|NN,iiisplikar|VB,kun|DT,tikang|MDFR,diin|PNN,an|DT,kwarta|NN,nga|DT,imo|DT,iginbalay|VB,ngan|CJTN,paonan-o|MDFR,kun|DT,hibaroan|VB,han|DT,mga|MDFR,molopyo|NN,an|DT,relasyon|NN,naton|DT,di|CJTN,perde|MDFR,ako|PNN,ha|DT,sunod|MDFR,nga|DT,eleksyon|NN,?|?,`|?
kun|DT,sugad|VB,hulat|VB,la|CLTC,mayor|NN,19|NMBR,pa|CLTC,la|CLTC,ako|PNN,ngan|CJTN,55|NMBR,ka|PNN,na|RP,",|?",kaya|VB,ko|PNN,ihatag|VB,an|DT,hingyap|NN,mo|NN,nga|DT,anak|NN,nga|DT,babaye|NN,nga|DT,dire|CJTN,kaya|VB,maihatag|MDFR,han|DT,madyongera|NN,mo|NN,nga|DT,asawa|NN,/|?
o|CJTN,segi|IJTN,mahulat|VB,ako|PNN,mara|MDFR,",|?",pero|CJTN,kun|DT,dire|CJTN,na|RP,ako|PNN,makailob|VB,andam|MDFR,ako|PNN,magpublikar|VB,nga|DT,ikaw|NN,an|DT,white|MDFR,lady|NN,ha|DT,sementeryo|NN,han|DT,san|DT,roque|NN,<|?
ayaw|MDFR,ako|PNN,tarhoga|VB,mayor|NN,",|?",dire|CJTN,ako|PNN,pulitiko|NN,",|?",waray|MDFR,mawawara|VB,ha|DT,akon|PNN,",|?",pero|CJTN,ikaw|NN,?|?,*|?
mara|MDFR,sorry|VB,|OOV,",|?",dire|CJTN,ko|PNN,karuyag|MDFR,nga|DT,mawara|VB,ka|PNN,ha|DT,akon|PNN,>|?
gab-i|NN,nga|DT,dominggo|DT,han|DT,mayo|NN,?|?
nagab-ihan|MDFR,hin|IJTN,panguli|VB,an|DT,mga|MDFR,tawuhan|MDFR,ni|DT,mayor|NN,tikang|MDFR,han|DT,derby|NN,ha|DT,boblangan|NN,nga|DT,panag-iyahan|MDFR,han|DT,ira|PNN,bosing|NN,nga|DT,hi|DT,meyor|NN,cho|NN,nakasakay|MDFR,ha|DT,pajero|NN,ngan|CJTN,humapit|VB,ha|DT,balay|NN,han|DT,kalipay|NN,ngan|CJTN,nag-irignom|VB,hin|IJTN,pera|CLTC,ka|PNN,kahon|NN,hin|IJTN,serbesa|NN,\|?
nahibaroan|CJTN,han|DT,white|MDFR,lady|NN,nga|DT,nagdaog|MDFR,an|DT,mga|MDFR,ini|PNN,hin|IJTN,sobra|NN,tunga|MDFR,hin|IJTN,milyon|NMBR,ha|DT,derby|NN,%|?
nagbantay|VB,an|DT,white|MDFR,lady|NN,ha|DT,yungod|VB,han|DT,sementeryo|NN,ngada|CJTN,han|DT,pag-agi|VB,han|DT,grupo|NN,/|?
mga|MDFR,hubog|MDFR,&|?
ngan|CJTN,waray|MDFR,mga|MDFR,balatian|NN,an|DT,mga|MDFR,tawuhan|MDFR,han|DT,mayor|NN,"""|?"
san-o|PNN,pa|CLTC,maabot|VB,an|DT,atubangan|MDFR,han|DT,sementeryo|NN,nakita|VB,na|RP,han|DT,grupo|NN,an|DT,pagtabok|VB,han|DT,white|MDFR,lady|NN,ha|DT,highway|NN,~|?
pagyungod|VB,han|DT,grupo|NN,tigda|MDFR,nga|DT,nagdupa|VB,nga|DT,tumapo|VB,an|DT,white|MDFR,lady|NN,\|?
kinabig|VB,an|DT,manebela|NN,han|DT,drayber|NN,para|CJTN,dire|CJTN,maligis|VB,an|DT,babaye|NN,+|?
bumonggo|VB,an|DT,sasakyan|NN,ha|DT,puno|MDFR,han|DT,dako|MDFR,hin|IJTN,duro|IJTN,nga|DT,akasya|NN,ngan|CJTN,patay|MDFR,ngatanan|DT,an|DT,sakay|VB,hini|PNN,#|?
sobra|NN,tunga|MDFR,hin|IJTN,milyon|NMBR,an|DT,nakuha|VB,han|DT,white|MDFR,lady|NN,ha|DT,grupo|NN,?|?
kinabuwasan|NN,ha|DT,kolehiyo|NN,",|?",pagkahuman|VB,han|DT,iya|PNN,klase|NN,nagpaupod|VB,hi|DT,mara|MDFR,ha|DT,iya|PNN,kaklase|NN,ha|DT,.|?
tayaan|NN,han|DT,lotto|NN,para|CJTN,tumaya|VB,;|?
natuod|VB,ka|PNN,hit|IJTN,lotto|NN,mara|MDFR,?|?,an|DT,akon|PNN,kasabot|NN,mas|MDFR,posible|IJTN,pa|CLTC,an|DT,makaukoy|VB,ha|DT,mars|NN,kontra|NN,hit|IJTN,pagdaog|VB,hit|IJTN,lotto|NN,&|?
sobra|NN,ka|PNN,man|CLTC,ester|NN,|OOV,",|?",an|DT,nadire|MDFR,dire|CJTN,madaog|MDFR,",|?",ngan|CJTN,an|DT,nadaog|VB,dire|CJTN,nadire|MDFR,ngan|CJTN,maaram|MDFR,ka|PNN,hi|DT,%|?
rizal|NN,nga|DT,aton|IJTN,bayani|NN,nagin|MDFR,paragtaya|NN,hin|IJTN,loterya|NN,ngan|CJTN,nagdaog|MDFR,han|DT,nakadto|VB,ha|DT,dapitan|NN,$|?
kun|DT,sa|DT,bagay|NN,anak|NN,ka|PNN,god|NN,la|CLTC,hin|IJTN,tong-itera|NN,.|?
hoyo|MDFR,ester|NN,mas|MDFR,bigtime|FW,ako|PNN,",|?",nagngirisi|VB,nga|DT,nagbulag|VB,an|DT,magsangkay|MDFR,`|?
ha|DT,balay|NN,naabtan|MDFR,ni|DT,mara|MDFR,an|DT,iya|PNN,tatay|NN,nga|DT,nagkokori|MDFR,ha|DT,pagharing|VB,hin|IJTN,kalayo|NN,ha|DT,ira|PNN,abuhan|NN,(|?
tikang|MDFR,mahinomdom|VB,hiya|PNN,mao|IJTN,na|RP,an|DT,nahigaraan|MDFR,nga|DT,pagtuon|NN,han|DT,pamilya|NN,kay|CJTN,dire|CJTN,kaya|VB,pumalit|VB,nira|PNN,hin|IJTN,bisan|MDFR,tangke|NN,han|DT,lpg|NN,!|?
waray|MDFR,pa|CLTC,hi|DT,nanay|NN,?|?,*|?
waray|MDFR,anak|NN,",|?",mao|IJTN,nga|DT,ako|PNN,an|DT,nagluluto|VB,",|?",makuri|VB,god|NN,kun|DT,hilaw|MDFR,an|DT,kahoy|NN,dire|CJTN,naglalaga|MDFR,#|?
pabay-i|VB,itay|NN,matatalwas|VB,kana|CJTN,pagginamit|VB,hin|IJTN,sungo|NN,$|?
kay|CJTN,ano|PNN,magigin|DT,kwarta|NN,dayon|MDFR,ito|CJTN,nga|DT,imo|DT,pag-eskoyla|NN,?|?,^|?
naglalaum|VB,ako|PNN,nga|DT,madaog|MDFR,ha|DT,lotto|NN,%|?
anak|NN,",|?",ayaw|MDFR,pag-inop|VB,nga|DT,nagmamata|VB,ka|PNN,>|?
anay|MDFR,",|?",la|CLTC,itay|NN,magliliwan|VB,la|CLTC,ako|PNN,hin|IJTN,bado|NN,+|?
ginharuk-harokan|VB,han|DT,daraga|NN,an|DT,libreta|NN,de|DT,banko|NN,ha|DT,sulod|NN,han|DT,kwarto|NN,kay|CJTN,pera|CLTC,kapesos|NMBR,na|RP,la|CLTC,maabot|VB,na|RP,hin|IJTN,milyon|NMBR,an|DT,iya|PNN,deposito|NN,ngan|CJTN,nakuha|VB,niya|PNN,an|DT,sugad|VB,nga|DT,kantidad|NN,tikang|MDFR,ha|DT,pagigin|CJTN,white|MDFR,lady|NN,ha|DT,sementeryo|NN,han|DT,san|DT,roque|NN,=|?
namalandong|VB,an|DT,daraga|NN,)|?
ginpakianhan|VB,niya|PNN,an|DT,kalugaringon|NN,(|?
nagpakiana|VB,kun|DT,tama|MDFR,an|DT,iya|PNN,ginbubuhat|VB,:|?
kun|DT,waray|MDFR,niya|PNN,adto|PNN,buhata|VB,dire|CJTN,hiya|PNN,makakatuntong|VB,ha|DT,kolehiyo|NN,\|?
yana|NN,usa|NMBR,ka|PNN,bulan|NN,nala|CJTN,mahuhuman|VB,na|RP,an|DT,iya|PNN,pag|IJTN,eskoyla|VB,ngan|CJTN,nakatirok|VB,na|RP,gihap|MDFR,hin|IJTN,iya|PNN,igtitindog|VB,han|DT,=|?
hingyap|NN,nga|DT,konkreto|MDFR,nga|DT,balay|NN,@|?
ngan|CJTN,nagdesisyon|VB,hiya|PNN,",|?",padayon|VB,nga|DT,makadto|VB,ha|DT,sementeryo|NN,~|?
agod|VB,ipadayon|VB,an|DT,nahigaraan|MDFR,nga|DT,binuhatan|NN,~|?
nagin|MDFR,makusog|MDFR,an|DT,mga|MDFR,sumat|VB,han|DT,white|MDFR,lady|NN,ngan|CJTN,sumarang|VB,hasta|MDFR,ha|DT,iba|MDFR,nga|DT,bungto|NN,han|DT,lalawigan|NN,{|?
usa|NMBR,han|DT,mga|MDFR,nakakita|VB,ngan|CJTN,nagin|MDFR,biktima|NN,hini|PNN,an|DT,anak|NN,nga|DT,tinedyer|MDFR,han|DT,kongresista|NN,nga|DT,kaupod|NN,han|DT,barkada|NN,dumayo|VB,ha|DT,balay|NN,han|DT,kalipay|NN,agod|VB,pumalit|VB,hin|IJTN,madali|MDFR,nga|DT,kalipay|NN,ha|DT,institusyon|NN,ni|DT,meyor|NN,cho|NN,!|?
ha|DT,paglikay|VB,han|DT,grupo|NN,nga|DT,mga|MDFR,hubog|MDFR,ha|DT,white|MDFR,lady|NN,bumunggo|VB,an|DT,kotse|NN,ha|DT,dako|MDFR,nga|DT,puno|MDFR,hin|IJTN,akasya|NN,ngan|CJTN,namatay|VB,an|DT,upat|NMBR,nga|DT,tinedyer|MDFR,)|?
ha|DT,pagkaalarma|VB,han|DT,konseho|NN,han|DT,san|DT,roque|NN,ha|DT,mga|MDFR,makangingirhat|VB,nga|DT,panhitabo|NN,nagbuhat|VB,ini|PNN,hin|IJTN,imbistigasyon|NN,ngan|CJTN,aksyon|VB,agod|VB,maibanan|MDFR,an|DT,mga|MDFR,panhitabo|NN,.|?
kumunsulta|VB,hin|IJTN,usa|NMBR,nga|DT,psychic|FW,an|DT,konseho|NN,kun|DT,ano|PNN,an|DT,angay|MDFR,buhaton|VB,ha|DT,mga|MDFR,panhitabo|NN,(|?
igin|CJTN,rekomenda|VB,han|DT,'|?
ispiritista|NN,an|DT,seremonya|VB,nga|DT,pagpalayas|VB,han|DT,maraot|MDFR,nga|DT,espiritu|NN,kuno|CLTC,ha|DT,sementeryo|NN,han|DT,<|?
san|DT,roque|NN,.|?
haros|MDFR,dungan|MDFR,han|DT,pagtatapos|VB,ni|DT,mara|MDFR,ha|DT,kolehiyo|NN,kumo|MDFR,cum|FW,laude|FW,sumarang|VB,gihap|MDFR,in|IJTN,notisya|MDFR,han|DT,iya|PNN,pagdaog|VB,han|DT,lotto|NN,^|?
an|DT,daan|MDFR,pawod|NN,nga|DT,balay|NN,hini|PNN,in|IJTN,nabalyoan|VB,hin|IJTN,usa|NMBR,nga|DT,konkreto|MDFR,nga|DT,may|MDFR,desenyo|NN,nga|DT,moderno|MDFR,kaupay|MDFR,'|?
damo|MDFR,an|DT,nadayaw|VB,han|DT,nakab-ot|MDFR,nga|DT,pagasenso|VB,ni|DT,mara|MDFR,ha|DT,edad|NN,nga|DT,20|NMBR,~|?
kinagab-ihan|NN,kahuman|CJTN,han|DT,iya|PNN,gradwasyon|NN,",|?",umaro|VB,hin|IJTN,pasaylo|NN,an|DT,iya|PNN,.|?
nanay|NN,han|DT,kahugador|MDFR,hini|PNN,ngan|CJTN,nagsaad|VB,nga|DT,dire|CJTN,na|RP,hiya|PNN,magsusugal|VB,'|?
gab-i|NN,han|DT,domingo|MDFR,ginbuhat|VB,an|DT,ritwal|NN,pagpalayas|VB,han|DT,maraot|MDFR,nga|DT,ispiritu|NN,nga|DT,nanbibiktima|VB,han|DT,mga|MDFR,umaragi|MDFR,ha|DT,san|DT,roque|NN,||?
singkwenta|NMBR,mel|NMBR,pesos|NN,an|DT,gin|CJTN,aro|VB,han|DT,psychic|FW,ha|DT,munisipyo|NN,ha|DT,serbisyo|NN,pagpa-iwas|VB,han|DT,maraot|MDFR,nga|DT,ispirito|NN,)|?
aga|NN,pa|CLTC,sumimba|VB,na|RP,hi|DT,mara|MDFR,agod|VB,umaro|VB,hin|IJTN,pasaylo|NN,han|DT,iya|PNN,mga|MDFR,binuhat|VB,ha|DT,makagarahom|MDFR,nga|DT,diyos|NN,.|?
damo|MDFR,an|DT,nagosyoso|NN,han|DT,seremonya|VB,ha|DT,sementeryo|NN,ha|DT,pagpalayas|VB,han|DT,ispiritu|NN,nga|DT,naghatag|VB,hin|IJTN,kahadlok|VB,ngan|CJTN,nakamatay|VB,hin|IJTN,kadam-an|MDFR,nga|DT,mga|MDFR,magpakasasala|MDFR,nga|DT,mga|MDFR,tawo|NN,||?
kaupod|NN,hi|DT,meyor|NN,cho|NN,ngan|CJTN,konseho|NN,ngan|CJTN,hi|DT,mara|MDFR,in|IJTN,nakikiusa|VB,han|DT,seremonya|VB,nga|DT,ginhimo|VB,han|DT,ispiritista|NN,:|?
samtang|CJTN,nakikimalooy|VB,an|DT,ispiritista|NN,ha|DT,maraot|MDFR,nga|DT,ispiritu|NN,nga|DT,iukoy|VB,na|RP,an|DT,pagsulay|DT,ngan|CJTN,panbibiktima|VB,han|DT,mga|MDFR,buhi|MDFR,sikreto|MDFR,nga|DT,nagtatapo|VB,an|DT,mga|MDFR,siplat|VB,han|DT,mga|MDFR,mata|NN,nira|PNN,mara|MDFR,ngan|CJTN,meyor|NN,cho|NN,:|?
waray|MDFR,god|NN,maaram|MDFR,han|DT,sikreto|MDFR,ni|DT,mara|MDFR,ngan|CJTN,han|DT,white|MDFR,lady|NN,ngan|CJTN,han|DT,pakikipagkita|VB,hini|PNN,kan|DT,mayor|NN,ha|DT,mga|MDFR,diyes|NMBR,oras|NN,han|DT,kagab-ihon|NN,.|?
han|DT,ikatulo|NMBR,ka|PNN,beses|CJTN,na|RP,nga|DT,nakikimalooy|VB,an|DT,psychic|FW,ha|DT,ispiritu|NN,nga|DT,dire|CJTN,na|RP,magpakita|VB,o|CJTN,magsulay|VB,ha|DT,sementeryo|NN,ha|DT,san|DT,#|?
roque|NN,",|?",nagliliro|VB,ha|DT,huna-huna|NN,ni|DT,mara|MDFR,an;tama|OOV,ka|PNN,makisalapi|MDFR,nga|DT,ispiritista|NN,kay|CJTN,tikang|MDFR,yana|NN,-|?
dire|CJTN,na|RP,mapakita|VB,an|DT,white|MDFR,lady|NN,han|DT,sementeryo|NN,han|DT,san|DT,roque|NN,.|?
