a|IJTN,test|FW,of|FW,faith|FW,/|?,an|DT,pagpruyba|VB,han|DT,pagtu-o|VB,:|?
an|DT,paghigugma|VB,nakakaupay|MDFR,han|DT,tawo|NN,",|?",kun|DT,an|DT,usa|NMBR,makahatag|VB,makarawat|VB,gihap|MDFR,hiya|PNN,pati|MDFR,liwat|CLTC,an|DT,usa|NMBR,]|?
hi|DT,karl|NN,menninger|VB,gin|CJTN,abat|DT,an|DT,hangin|NN,han|DT,gab-i|NN,bisan|MDFR,hinahagkot|MDFR,",|?",samtang|CJTN,hi|DT,wes|FW,anderson|FW,sumakay|VB,ha|DT,iya|PNN,sarakyan|NN,/|?
dida|PNN,han|DT,alas|MDFR,otso|NMBR,y|OOV,midya|MDFR,han|DT,marso|NN,syete|NMBR,mil|NMBR,nueve|FW,sientos|FW,nubentay|NMBR,kwatro|NMBR,",|?",nga|DT,an|DT,maloko|VB,nga|DT,na|RP,edad|NN,hin|IJTN,trentay|FW,kwatro|NMBR,nga|DT,ministro|NN,han|DT,simbahan|NN,han|DT,carmichael|FW,ha|DT,sacramento|NN,",|?",california|FW,nakahuman|VB,pala|IJTN,pakigtitirok|VB,upod|VB,an|DT,iba|MDFR,pa|CLTC,nga|DT,mga|MDFR,miyembro|NN,han|DT,simbahan|NN,.|?
magkaada|VB,ka|PNN,kunta|CJTN,hin|IJTN,maupay|MDFR,nga|DT,gab-i|NN,",|?",pastor|NN,",|?",nagyakan|VB,an|DT,usa|NMBR,nga|DT,miyembro|NN,han|DT,kongregasyon|MDFR,.|?
oo|MDFR,gad|CLTC,",|?",baton|VB,ni|DT,wes|FW,<|?
tapos|MDFR,nagbusa|VB,hin|IJTN,mahinay|MDFR,la|CLTC,an|DT,boses|NN,",|?",nagdugang|VB,hiya|PNN,naglalaum|VB,ako|PNN,pakigkita|VB,iyo|PNN,dida|PNN,hit|IJTN,domingo|MDFR,.|?
nag-aaram|VB,hi|DT,wes|FW,hin|IJTN,pagka-abugado|MDFR,han|DT,umabat|VB,hiya|PNN,hin|IJTN,pagtawag|NN,han|DT,simbahan|NN,para|CJTN,han|DT,iya|PNN,serbisyo|NN,_|?
nakadto|VB,hiya|PNN,ha|DT,carmichael|FW,hadton|IJTN,mil|NMBR,nueve|FW,sientos|FW,nubentay|NMBR,dos|NMBR,",|?",ngan|CJTN,an|DT,ira|PNN,miyembro|NN,han|DT,kongregasyon|MDFR,nga|DT,naabot|VB,hin|IJTN,siyento|NMBR,dyes|NMBR,",|?",maupay|MDFR,hira|PNN,nga|DT,gin|CJTN,aksiptar|VB,hin|IJTN,mayda|MDFR,maupay|MDFR,nga|DT,tawa|VB,%|?
dida|PNN,han|DT,tiuli|VB,na|RP,",|?",nakit-an|VB,ni|DT,wes|FW,an|DT,usa|NMBR,nga|DT,iya|PNN,kongregante|NN,nga|DT,hi|DT,dorothy|FW,hearts|FW,nga|DT,my|CJTN,idad|MDFR,nga|DT,sitentay|NMBR,otso|NMBR,nga|DT,na|RP,preso|MDFR,ha|DT,iya|PNN,sarakyan|NN,&|?
umukoy|VB,hi|DT,wes|FW,para|CJTN,bumulig|VB,",|?",baga|MDFR,nakahinga|VB,hiya|PNN,han|DT,pakabaro|VB,niya|PNN,nga|DT,diri|MDFR,gud|CLTC,masyado|CLTC,nga|DT,nasakitan|VB,an|DT,babaye|NN,#|?
di|CJTN,maiha|MDFR,nakakita|VB,hira|PNN,hin|IJTN,suga|NN,hin|IJTN,sarakyan|NN,nga|DT,malaksi|MDFR,an|DT,dalagan|VB,tikadto|VB,ha|DT,ira|PNN,(|?
gumuliat|VB,hi|DT,wes|FW,",|?",dorothy|FW,",|?",bubungguun|VB,kita|MDFR,!|?,gindanas|VB,ni|DT,wes|FW,hi|DT,dorothy|FW,ngan|CJTN,ha|DT,tuu|IJTN,tagiliran|NN,la|CLTC,hiya|PNN,natamaan|MDFR,",|?",naitsa|VB,hiya|PNN,tikadto|VB,han|DT,sarakyan|NN,ni|DT,dorothy|FW,}|?
umabat|VB,hiya|PNN,hin|IJTN,sakit|NN,ha|DT,iya|PNN,tuu|IJTN,nga|DT,tiil|NN,@|?
natumba|VB,hiya|PNN,ha|DT,semento|NN,samtang|CJTN,nasakit|VB,la|CLTC,hin|IJTN,duro|IJTN,an|DT,iya|PNN,tiil|NN,"""|?"
umabot|VB,an|DT,ambulansya|NN,han|DT,university|NN,of|FW,california|FW,",|?",davis|FW,",|?",medical|FW,",|?",center|FW,",|?",an|DT,doctor|NN,nagduhol|VB,hin|IJTN,papel|NN,para|CJTN,hin|IJTN,permiso|MDFR,nga|DT,maooperahan|VB,hiya|PNN,<|?
waray|MDFR,na|RP,iba|MDFR,para|CJTN,masiring|VB,ko|PNN,ini|PNN,ha|DT,imo|DT,",|?"
siring|VB,han|DT,doctor|NN,.|?
kinahanglan|MDFR,na|RP,utdon|VB,an|DT,imo|DT,tuu|IJTN,nga|DT,tiil|NN,<|?
kahuman|CJTN,han|DT,operasyon|NN,nakaabat|VB,hi|DT,wes|FW,hin|IJTN,sakit|NN,ha|DT,iya|PNN,tuu|IJTN,nga|DT,tiil|NN,{|?
gin|CJTN,abot|DT,ini|PNN,niya|PNN,para|CJTN,mahapuhap|NN,<|?
pero|CJTN,waray|MDFR,hiya|PNN,nakaptan|VB,kundi|CJTN,baga|MDFR,la|CLTC,hin|IJTN,nakapilo|VB,~|?
diri|MDFR,tuud|NN,nga|DT,ul|IJTN,ul|IJTN,",|?",an|DT,inaabat|NN,han|DT,lawas|NN,nga|DT,kanan|PNN,kautod|VB,han|DT,tiil|NN,kun|DT,an|DT,utok|NN,nasumat|VB,nga|DT,an|DT,tiil|NN,aada|PNN,pa—in|DT,nawawara|VB,ngan|CJTN,nabalik|VB,nga|DT,parehas|MDFR,hit|IJTN,gin|CJTN,papakurian|VB,nga|DT,kalag|NN,.|?
kada|MDFR,oras|NN,",|?",natigda|MDFR,hiya|PNN,pagkiwa|VB,han|DT,mahapdos|VB,",|?",ngan|CJTN,maulul|MDFR,nga|DT,tiil|NN,nga|DT,waray|MDFR,na|RP,dida|PNN,<|?
ini|PNN,ngatanan|DT,hi|DT,james|FW,allen|FW,napier|FW,an|DT,dapat|IJTN,basulon|VB,~|?
usa|NMBR,ini|PNN,hiya|PNN,nga|DT,hubog|MDFR,samtang|CJTN,nagdradrive|VB,]|?
maprepreso|VB,ini|PNN,hiya|PNN,sakob|NN,hin|IJTN,walo|NMBR,kabulan|NN,{|?
samtang|CJTN,naagi|VB,an|DT,mga|MDFR,panahon|NN,",|?",namumurublema|VB,nah|OOV,in|IJTN,duro|IJTN,hi|DT,wes|FW,",|?"
an|DT,operasayon|NN,nagbilin|MDFR,hin|IJTN,ulat|NN,dida|PNN,han|DT,nautud|VB,nga|DT,tiil|NN,&|?
mayda|MDFR,nakit-an|VB,nga|DT,mga|MDFR,pula|NN,pula|NN,nga|DT,naporma|VB,nga|DT,kalsada|NN,ha|DT,iya|PNN,tiyan|NN,[|?
diin|PNN,kumuro|NMBR,an|DT,mga|MDFR,panit|NN,niya|PNN,<|?
diri|MDFR,ini|PNN,patas|MDFR,.|?
reklamu|NN,niya|PNN,gadto|MDFR,kan|DT,mike|NN,cook|FW,",|?",iya|PNN,sangkay|NN,nga|DT,usa|NMBR,liwat|CLTC,nga|DT,pastor|NN,ha|DT,carmichael|FW,christian’s|OOV,sister|FW,church|FW,ha|DT,sylvan|FW,oaks|FW,.|?
gusto|DT,ko|PNN,pa|CLTC,magkaada|VB,asawa|NN,ngan|CJTN,anak|NN,~|?
hino|CJTN,pa|CLTC,nga|DT,babaye|NN,an|DT,mahigugma|VB,akon|PNN,nga|DT,mayda|MDFR,naman|CLTC,ako|PNN,hini|PNN,nga|DT,balatian|NN,ngan|CJTN,mga|MDFR,hulat|VB,?|?,diri|MDFR,patas|MDFR,an|DT,kinabuhi|NN,`|?
bumaton|VB,hi|DT,mike|NN,]|?
amo|MDFR,ba|CLTC,talaga|IJTN,ito|CJTN,?|?,nakakita|VB,kana|CJTN,hin|IJTN,makalilisang|MDFR,nga|DT,butang|NN,nga|DT,nahitabo|NN,ha|DT,iba|MDFR,nga|DT,mag-upay|VB,nga|DT,mga|MDFR,tawo|NN,?|?,panumdum|NN,wes|FW,",|?",nakabulig|VB,ka|PNN,`|?
maaram|MDFR,ako|PNN,makuri|VB,ito|CJTN,karawaton|VB,pero|CJTN,mayda|MDFR,rason|NN,an|DT,ginoo|NN,+|?
tumalikod|DT,hi|DT,wes|FW,#|?
hiya|PNN,gihap|MDFR,baga|MDFR,nakaisip|VB,nga|DT,padig-unon|VB,niya|PNN,an|DT,iya|PNN,pagtuo|NN,ha|DT,oras|NN,hin|IJTN,disgrasya|NN,/|?
an|DT,ginoo|NN,mayda|MDFR,permi|MDFR,planu|VB,.|?
amu|IJTN,ini|PNN,an|DT,iya|PNN,mga|MDFR,ciring|VB,ha|DT,ira|PNN,&|?
tapod|MDFR,la|CLTC,hit|IJTN,iya|PNN,mga|MDFR,karuyag|MDFR,cidngon|VB,;|?
ini|PNN,nga|DT,iya|PNN,mga|MDFR,yakan|VB,hadto|PNN,diri|MDFR,niya|PNN,makarawat|VB,ha|DT,iya|PNN,kalugaringon|NN,.|?
nawaray|VB,na|RP,ini|PNN,yana|NN,gamit|VB,!|?
usa|NMBR,nga|DT,reporter|NN,tikang|MDFR,ha|DT,sacramento|NN,bee|NN,tumawag|VB,",|?",karuyag|MDFR,niya|PNN,mabatian|VB,an|DT,istorya|VB,ni|DT,wes|FW,=|?
pero|CJTN,hs|IJTN,hunahuna|MDFR,ni|DT,wes|FW,diri|MDFR,hiya|PNN,{|?
kay|CJTN,na|RP,diri|MDFR,hiya|PNN,nga|DT,gumawas|VB,nga|DT,usa|NMBR,nga|DT,bayani|NN,.|?
nagsaad|VB,an|DT,reporter|NN,nga|DT,simpli|MDFR,la|CLTC,nga|DT,pagbalita|VB,an|DT,iya|PNN,bubuhaton|VB,basi|CJTN,dida|PNN,han|DT,nahitabo|NN,\|?
napa|DT,sige|MDFR,man|CLTC,niya|PNN,hi|DT,wes|FW,&|?
malay|NN,niya|PNN,mayda|MDFR,ini|PNN,maupay|MDFR,na|RP,maidangat|VB,para|CJTN,ha|DT,iba|MDFR,_|?
gin|CJTN,burok|NN,la|CLTC,ni|DT,virginia|FW,bruegger|FW,an|DT,dyaryo|NN,han|DT,sacramento|NN,bee|NN,nga|DT,mayda|MDFR,petsa|NN,nga|DT,marso|NN,disi|DT,sais|NMBR,mil|NMBR,nueve|FW,sientos|FW,nubentay|NMBR,kwatro|NMBR,ngadto|DT,han|DT,iya|PNN,higdaan|NN,",|?"
amu|IJTN,la|CLTC,gihapun|CJTN,an|DT,iya|PNN,adlaw|NN,puro|MDFR,la|CLTC,kamalasan|NN,.|?
una|NMBR,",|?",an|DT,iya|PNN,sarakyan|NN,diri|MDFR,naandar|VB,ngan|CJTN,waray|MDFR,niya|PNN,hi|DT,abuti|VB,an|DT,bus|NN,||?
dida|PNN,han|DT,mga|MDFR,naglabay|NN,nga|DT,tuig|NN,ini|PNN,nga|DT,nanay|NN,nga|DT,bulag|VB,ha|DT,iya|PNN,asawa|NN,nga|DT,na|RP,idad|MDFR,hin|IJTN,trentay|FW,otso|NMBR,nag-aram|VB,hin|IJTN,maupay|MDFR,nga|DT,halos|IJTN,waray|MDFR,diskanso|VB,para|CJTN,la|CLTC,magkaada|VB,hin|IJTN,diploma|NN,han|DT,kurso|NN,nga|DT,behavioral|FW,science|NN,diidto|PSTN,ha|DT,university|NN,of|FW,california|FW,",|?",davis|FW,.|?
yana|NN,nga|DT,ma|DT,eksamin|FW,na|RP,hiya|PNN,kulangan|VB,hiya|PNN,hin|IJTN,kwarta|NN,}|?
samtang|CJTN,nakadto|VB,kusina|NN,para|CJTN,mag-aram|VB,hadto|PNN,nga|DT,gab-i|NN,",|?",an|DT,usa|NMBR,nga|DT,anak|NN,nga|DT,hi|DT,steven|FW,naidad|VB,hin|IJTN,disisais|NMBR,nagkasakit|VB,hin|IJTN,hilo|NN,~|?
han|DT,alas|MDFR,tres|NMBR,han|DT,kulop|MDFR,nagdadagmit|MDFR,hi|DT,virginia|FW,nga|DT,nasingadto|VB,ha|DT,iya|PNN,kwarto|NN,+|?
tigda|MDFR,mayda|MDFR,sumulod|VB,ha|DT,iya|PNN,isip|NN,",|?",angay|MDFR,ba|CLTC,nga|DT,asya|MDFR,na|RP,tak|CJTN,gin|CJTN,bubuhat|VB,?|?,makatrabaho|VB,ba|CLTC,ako|PNN,pagkahuman|VB,ko|PNN,pag-eskwela|VB,?|?,tigda|MDFR,nakakita|VB,hiya|PNN,hin|IJTN,dyaryo|NN,ngan|CJTN,nabasa|VB,niya|PNN,ha|DT,unahan|VB,pastor|NN,nautdan|VB,hin|IJTN,tiil|NN,agi|VB,hin|IJTN,pagbulig|VB,ha|DT,babaye|NN,ha|DT,aksidente|NN,ha|DT,awto|NN,=|?
gin|CJTN,basa|VB,ini|PNN,niya|PNN,`|?
dios|NN,ko|PNN,!|?,naisip|VB,niya|PNN,(|?
anu|CJTN,ba|CLTC,an|DT,sumulod|VB,ha|DT,isip|NN,hini|PNN,nga|DT,tawo|NN,!|?,umukoy|VB,hiya|PNN,pagbasa|VB,ngan|CJTN,napansin|VB,niya|PNN,an|DT,kowts|FW,han|DT,pastor|NN,nga|DT,nasiring|VB,",|?",an|DT,akon|PNN,rason|NN,nga|DT,ig|CJTN,istorya|VB,ini|PNN,nga|DT,panhitabo|NN,para|CJTN,makabulig|VB,ako|PNN,hin|IJTN,iba|MDFR,nga|DT,mag-ukoy|VB,hira|PNN,ha|DT,ispirituhanun|MDFR,nga|DT,kinabuhi|NN,(|?
baga|MDFR,hin|IJTN,nakikigpag|DT,storya|VB,hiya|PNN,ha|DT,akon|PNN,",|?",naisip|VB,niya|PNN,&|?
han|DT,bata|NN,pa|CLTC,",|?",tikang|MDFR,hiya|PNN,ha|DT,relihiyoso|MDFR,nga|DT,baryo|NN,han|DT,bushton|FW,",|?",kansas|VB,:|?
pero|CJTN,tikang|MDFR,han|DT,pagdiborsyo|VB,nira|PNN,ngan|CJTN,iya|PNN,asawa|NN,bagan|IJTN,nawarayan|VB,nga|DT,gana|MDFR,pagsimba|VB,ngan|CJTN,bisan|MDFR,pangadi|VB,dina|DT,niya|PNN,mahimo|VB,~|?
dida|PNN,han|DT,pag-aga|VB,di|CJTN,na|RP,maiha|MDFR,matikang|VB,na|RP,liwat|CLTC,an|DT,iya|PNN,klase|NN,+|?
diri|MDFR,pa|CLTC,yana|NN,_|?
siring|VB,ni|DT,virginia|FW,.|?
bagan|IJTN,mayda|MDFR,nagsisiring|VB,ha|DT,iya|PNN,nga|DT,kinahanglan|MDFR,niya|PNN,makigkita|VB,hini|PNN,nga|DT,tawo|NN,%|?
pagmata|VB,niya|PNN,tikang|MDFR,han|DT,iya|PNN,ikapito|NMBR,nga|DT,operasyon|NN,han|DT,napulo|NMBR,ka|PNN,adlaw|NN,",|?",diri|MDFR,hi|DT,wes|FW,maaram|MDFR,kun|DT,anu|CJTN,an|DT,iya|PNN,bubuhaton|VB,hini|PNN,nga|DT,babaye|NN,nga|DT,natukdaw|VB,ha|DT,iya|PNN,purtahan|NN,nga|DT,mayda|MDFR,bibit|NN,nga|DT,paso|MDFR,nga|DT,mayda|MDFR,mahusay|MDFR,nga|DT,tanaman|NN,$|?
an|DT,iya|PNN,mata|NN,nga|DT,nainggat|MDFR,kumita|VB,asta|IJTN,han|DT,nakangisi|VB,na|RP,hiya|PNN,nga|DT,baga|MDFR,naawud—nagpawa|DT,an|DT,iya|PNN,bug-os|MDFR,nga|DT,kahimu|NN,?|?
gusto|DT,ko|PNN,ikaw|NN,pasalamatan|VB,.|?
nagtiakang|VB,hi|DT,virginia|FW,paghunahuna|VB,hin|IJTN,mga|MDFR,yaraknon|MDFR,?|?
anu|CJTN,daw|MDFR,la|CLTC,an|DT,akon|PNN,sisidingun|MDFR,ha|DT,iya|PNN,?|?,nahunahunaan|NN,niya|PNN,*|?
dinode-|DT,dosena|NMBR,nga|DT,nagtitimpok|VB,nga|DT,surat|NN,duda|DT,han|DT,istanti|NN,nga|DT,nakada|VB,ligid|NN,han|DT,higdaan|NN,ngan|CJTN,nakadukot|VB,ha|DT,bungbong|NN,sapit|MDFR,han|DT,higdaan|NN,~|?
mga|MDFR,bukad|NN,nga|DT,hinatag|VB,hin|IJTN,mga|MDFR,sangkay|NN,",|?",miyembro|NN,han|DT,pamilya|NN,",|?",ngan|CJTN,kan|DT,wes|FW,kongregasyon|MDFR,ngha|DT,nagdamu|VB,ha|DT,kada|MDFR,eskina|NN,han|DT,kwarto|NN,;|?
an|DT,iya|PNN,istorya|VB,in|IJTN,sabot|NN,nga|DT,nakakuha|VB,hin|IJTN,atensyon|VB,ha|DT,kada|MDFR,tagsa|MDFR,",|?",diri|MDFR,la|CLTC,hiya|PNN,.|?
nagbasa|VB,ako|PNN,hin|IJTN,artikulo|NN,ha|DT,dyaryo|NN,ngan|CJTN,kinahanglan|MDFR,ko|PNN,liwat|CLTC,ipasabot|VB,ha|DT,imo|DT,kun|DT,ano|PNN,an|DT,nabuhat|NN,hini|PNN,nga|DT,imo|DT,istorya|VB,ha|DT,akon|PNN,.|?
yakan|VB,ni|DT,virginia|FW,/|?
gin|CJTN,bag-o|MDFR,hini|PNN,an|DT,akon|PNN,paghunahuna|VB,hit|IJTN,akon|PNN,gin|CJTN,aagian|VB,yana|NN,"""|?"
nag-agi|VB,ako|PNN,yana|NN,hin|IJTN,kakurian|NN,#|?
baga|MDFR,ba|CLTC,ako|PNN,hin|IJTN,nauubos|VB,?|?,naghunahuna|VB,hiya|PNN,.|?
an|DT,imo|DT,istorya|VB,nakabulig|VB,akon|PNN,paghuma-huna|VB,hin|IJTN,maupay|MDFR,nga|DT,kinahanglan|MDFR,ko|PNN,egbalik|VB,an|DT,akon|PNN,relasyon|NN,ngadto|DT,han|DT,ginoo|NN,\|?
gin|CJTN,istudyuhan|VB,ni|DT,wes|FW,an|DT,diri|MDFR,niya|PNN,gin|CJTN,kilala|MDFR,nga|DT,tawo|NN,.|?
tikang|MDFR,han|DT,nakadto|VB,hiya|PNN,ha|DT,ospital|NN,",|?",waray|MDFR,na|RP,h|IJTN,wes|FW,makaabat|VB,hin|IJTN,sakit|NN,>|?
yana|NN,an|DT,iya|PNN,panhuna-huna|NN,ha|DT,iya|PNN,kalugaringun|MDFR,gutiay|MDFR,nala|CJTN,kundi|CJTN,mas|MDFR,durudaku|MDFR,an|DT,iya|PNN,panhuna-huna|NN,kun|DT,matipaunan-o|NTRG,hiya|PNN,mabulig|VB,.|?
mayda|MDFR,ka|PNN,ba|CLTC,simbahan|NN,?|?,pakiana|VB,niya|PNN,.|?
tumangdo|VB,hi|DT,virginia|FW,=|?
kasayun|MDFR,la|CLTC,nga|DT,butang|NN,}|?
nangadto|VB,hiya|PNN,hito|DT,nga|DT,problema|NN,",|?",an|DT,iya|PNN,huna-huna|NN,",|?",ngan|CJTN,iginduhol|VB,an|DT,kamot|NN,para|CJTN,maglamano|VB,\|?
nakiglamano|VB,hi|DT,wes|FW,pero|CJTN,gin|CJTN,bunlot|NN,dayun|VB,niya|PNN,]|?
ha|DT,iya|PNN,huna-huna|NN,unta|IJTN,diri|MDFR,la|CLTC,anai|IJTN,ako|PNN,kanauuna|VB,",|?",waray|MDFR,toyu-a|mdfr,ni|DT,wes|FW,nga|DT,bumalik|VB,-|?
diri|MDFR,adto|PNN,tinuyo;|OOV,naabat|VB,la|CLTC,gihap|MDFR,hiya|PNN,hin|IJTN,kasamad|VB,ngan|CJTN,kaguul|MDFR,!|?
pataraw-an|MDFR,pero|CJTN,nagpapasalamat|VB,hi|DT,virginia|FW,kan|DT,wes|FW,-|?
ha|DT,iba|MDFR,nga|DT,rason|NN,",|?",amu|IJTN,adto|PNN,hiya|PNN,an|DT,nakaabat|VB,hin|IJTN,kaupayan|NN,[|?
dida|PNN,han|DT,pera|CLTC,ka|PNN,simana|MDFR,nga|DT,pakigkita|VB,kan|DT,wes|FW,",|?",hi|DT,virginia|FW,nakaagi|VB,hin|IJTN,simbahan|NN,nga|DT,harani|MDFR,ha|DT,era|PNN,balay|NN,ngan|CJTN,nagpadara|VB,hiya|PNN,hin|IJTN,surat|NN,kan|DT,wes|FW,/|?
ngan|CJTN,gin|CJTN,bisita|NN,niya|PNN,hi|DT,wes|FW,katapos|MDFR,han|DT,naglabay|NN,nga|DT,duwa|NMBR,ka|PNN,simana|MDFR,",|?",gin|CJTN,kumpara|DT,nira|PNN,an|DT,surat|NN,parti|MDFR,ha|DT,ira|PNN,kinabuhi|NN,]|?
ngan|CJTN,gin|CJTN,istoryahan|VB,nira|PNN,an|DT,ira|PNN,pag-eskwela|VB,ngan|CJTN,ira|PNN,trabaho|NN,",|?",ngan|CJTN,gin|CJTN,istoryahan|VB,liwat|CLTC,nira|PNN,an|DT,parti|MDFR,han|DT,tiarabot|VB,nga|DT,therapy|NN,ni|DT,wes|FW,#|?
kadali|MDFR,la|CLTC,niya|PNN,paki-istoryahan|VB,",|?",gin|CJTN,bunyugan|VB,hiya|PNN,ni|DT,virginia|FW,pag-uli|VB,ha|DT,ira|PNN,balay|NN,#|?
danay|MDFR,ha|DT,kada|MDFR,usa|NMBR,ka|PNN,adlaw|NN,ginpapadad-an|VB,hiya|PNN,hin|IJTN,surat|NN,o|CJTN,diri|MDFR,ngani|DT,na|RP,bisita|NN,hiya|PNN,?|?
ngada|CJTN,han|DT,pagduha|VB,kabulan|NN,katapos|MDFR,han|DT,aksidenti|NN,",|?",gintawagan|VB,ni|DT,virginia|FW,hi|DT,wes|FW,`|?
yana|NN,it|IJTN,ak|PNN,paggawas|VB,!|?,siring|VB,ni|DT,wes|FW,",|?",an|DT,iya|PNN,boses|NN,gin|CJTN,sasabtan|VB,nga|DT,nalilisang|VB,hiya|PNN,#|?
kahuman|CJTN,nira|PNN,pag-inistoryahon|VB,",|?",kumadto|VB,hi|DT,virginia|FW,ha|DT,ospital|NN,[|?
nag-aanu|NTRG,ka|PNN,dinhi|PNN,?|?,nagpakiana|VB,hi|DT,wes|FW,",|?",gin|CJTN,pakita|MDFR,an|DT,iya|PNN,ka|PNN,surprisa|NN,"""|?"
diri|MDFR,ako|PNN,sigurado|MDFR,",|?",baton|VB,ni|DT,virginia|FW,",|?",nga|DT,ngungurog|VB,hin|IJTN,guti|MDFR,]|?
naabat|VB,ko|PNN,nga|DT,kinahanglan|MDFR,anhi|PSTN,ako|PNN,?|?
maupay|MDFR,",|?",malipayon|MDFR,akio|OOV,nga|DT,anhi|PSTN,ka;|OOV,siring|VB,ni|DT,wes|FW,samtang|CJTN,natawa|VB,.|?
han|DT,tidaup|VB,hira|PNN,han|DT,simbahan|NN,nga|DT,baga|MDFR,hin|IJTN,letra|NN,nga|DT,a|IJTN,an|DT,kurti|NN,+|?
an|DT,kan|DT,wes|FW,mata|NN,nagtikang|VB,pagluha|VB,'|?
ha|DT,itom|NN,nga|DT,madig-un|VB,nga|DT,puthaw|NN,nga|DT,atabang|VB,",|?",dose-dosena|NMBR,nga|DT,darag|NN,nga|DT,ribbon|FW,an|DT,namiyuus|MDFR,alagid-agid|MDFR,hin|IJTN,magranggat|MDFR,nga|DT,mga|MDFR,bukad|NN,!|?
an|DT,mga|MDFR,bata|NN,han|DT,kanan|PNN,simbahan|NN,elementarya|MDFR,nga|DT,.|?
eskwelahan|NN,sige|MDFR,an|DT,pitik-pitik|VB,igbaw|MDFR,ngan|CJTN,ubos|VB,",|?",ngan|CJTN,nagkinampayun|VB,ha|DT,iya|PNN,sarakyan|NN,:|?
may|MDFR,mga|MDFR,surat|NN,nga|DT,nasiring|VB,^|?
hinigugma|MDFR,ka|PNN,namun|PNN,!|?,maupay|MDFR,nga|DT,pag-abot|VB,",|?",mr|NN,.|?
aderson|FW,!|?,nakagluha|VB,gihap|MDFR,hi|DT,virginia|FW,>|?
pera|CLTC,ka|PNN,gab-i|NN,an|DT,naglabay|NN,",|?",an|DT,duha|NMBR,nga|DT,magsangkay|MDFR,ngan|CJTN,an|DT,ira|PNN,mga|MDFR,kag-anak|NN,nagkirigta|VB,para|CJTN,hin|IJTN,usa|NMBR,nga|DT,pangiklop|NN,$|?
nga|DT,duha|NMBR,hira|PNN,mayda|MDFR,pagkaalagid-agid|MDFR,+|?
an|DT,ira|PNN,kag-anak|NN,in|IJTN,pareho|MDFR,nga|DT,magti-ayun|MDFR,na|RP,in|IJTN,subra|MDFR,kwarenta|NMBR,ka|PNN,tuig|NN,na;|OOV,pareho|MDFR,hira|PNN,gin|CJTN,padaku|MDFR,ha|DT,methodist|FW,nga|DT,simbahan|NN,"""|?"
bisan|MDFR,tim|CJTN,pagyakan|VB,pareho|MDFR,ha|DT,akon|PNN,!|?,nag-intsimis|VB,hi|DT,wes|FW,}|?
mahinay|MDFR,liwat|CLTC,ako|PNN,magyakan|VB,",|?",bumulos|VB,hi|DT,virginia|FW,]|?
pero|CJTN,diri|MDFR,ako|PNN,malabad|VB,.|?
ha|DT,balay|NN,ni|DT,wes|FW,",|?",ginhuman|VB,niya|PNN,pagbatunes|VB,han|DT,iya|PNN,bado|NN,para|CJTN,han|DT,iya|PNN,pagkadto|VB,ha|DT,simbahan|NN,}|?
tigda|MDFR,nga|DT,nakaabat|VB,hi|DT,wes|FW,nga|DT,natutumba|VB,hiya|PNN,tipatalikod|VB,ha|DT,salog|NN,.|?
umontog|VB,hiya|PNN,ha|DT,iya|PNN,tiil|NN,ngan|CJTN,gumuliat|VB,hin|IJTN,kaduro|MDFR,kaulul|VB,:|?
nag-inukoy|MDFR,hi|DT,wes|FW,ha|DT,iya|PNN,higdaan|NN,hin|IJTN,siyam|NMBR,ka|PNN,adlaw|NN,||?
permi|MDFR,gud|CLTC,niya|PNN,gin|CJTN,hahambog|MDFR,ha|DT,iuya|IJTN,kaligaringun|NN,han|DT,iya|PNN,paglulugaring|VB,ngan|CJTN,pagiging|MDFR,makusog|MDFR,@|?
yana|NN,",|?",an|DT,pagduda|VB,ngan|CJTN,kagul-anan|NN,nawara|VB,ha|DT,iya|PNN,.|?
nagtikang|VB,hiya|PNN,pagpakiana|VB,ha|DT,kalugaringun|MDFR,han|DT,iya|PNN,relasyon|NN,kan|DT,virginia|FW,.|?
naayun|VB,gud|CLTC,ak|PNN,ha|DT,iya|PNN,",|?",siring|VB,ni|DT,wes|FW,kan|DT,mike|NN,.|?
nababaraka|VB,la|CLTC,ako|PNN,nga|DT,bangin|MDFR,kalooy|VB,la|CLTC,ini|PNN,nga|DT,mga|MDFR,butang|NN,.|?
tak|CJTN,karuyag|MDFR,sidngun|VB,",|?",diri|MDFR,man|CLTC,ako|PNN,artista|NN,ha|DT,hollywood|FW,",|?",pero|CJTN,kita-a|CJTN,daw|MDFR,ak|PNN,yana|NN,",|?",diri|MDFR,ka|PNN,ubos|VB,nga|DT,tawo|NN,kuntra|DT,kun|DT,anu|CJTN,ka|PNN,dati|MDFR,bago|CJTN,han|DT,aksidenti|NN,",|?",yakan|VB,ni|DT,mike|NN,-|?
it|IJTN,important|FW,kun|DT,anu|CJTN,it|IJTN,aada|PNN,ha|DT,sukob|VB,)|?
pera|CLTC,na|RP,ka|PNN,adlaw|NN,naglabay|NN,tinang|NN,mabati-an|VB,ni|DT,virginia|FW,hi|DT,wes|FW,!|?
gin|CJTN,huna-huna|NN,niya|PNN,an|DT,ira|PNN,katapusan|NN,nga|DT,pagkita|VB,",|?",an|DT,pagbisita|VB,nira|PNN,ha|DT,muir|MDFR,woods|FW,national|FW,monument|FW,]|?
mayda|MDFR,ba|CLTC,ako|PNN,nahimu|VB,nga|DT,sayup|MDFR,?|?,napausa|VB,hi|DT,virginia|FW,%|?
nag-istorya|VB,hira|PNN,parti|MDFR,han|DT,ira|PNN,pagbulag|VB,ngan|CJTN,han|DT,iya|PNN,kakurian|NN,para|CJTN,makahimu|VB,hin|IJTN,maupay|MDFR,nga|DT,kinabuhi|NN,para|CJTN,ha|DT,iya|PNN,ngan|CJTN,kan|DT,steven|FW,~|?
dida|PNN,han|DT,nagawas|VB,hiya|PNN,nga|DT,iba|MDFR,an|DT,upod|VB,nga|DT,mga|MDFR,lalaki|NN,",|?",nababaraka|VB,hiya|PNN,kun|DT,diin|PNN,an|DT,mga|MDFR,butang|NN,nauuna|VB,.|?
ha|DT,kan|DT,wes|FW,",|?",ito|CJTN,nga|DT,mga|MDFR,butang|NN,waray|MDFR,gud|CLTC,sakob|NN,ha|DT,iya|PNN,hunahuna|MDFR,nalalainan|MDFR,hiya|PNN,ha|DT,iba|MDFR,nga|DT,iya|PNN,nakilala|VB,",|?",hunahuna|MDFR,ni|DT,virginia|FW,han|DT,tumawag|VB,gihapon|CJTN,hi|DT,wes|FW,",|?",ginsiring|VB,ni|DT,wes|FW,hi|DT,virginia|FW,pagkadto|VB,hin|IJTN,usa|NMBR,nga|DT,karisyuhan|NN,ngan|CJTN,gin|CJTN,surprisa|NN,hiya|PNN,hin|IJTN,pagkuha|VB,ha|DT,iya|PNN,gamit|VB,an|DT,iya|PNN,sarakyan|NN,nga|DT,bag-o|MDFR,nga|DT,ginhimu|VB,para|CJTN,han|DT,kawara|VB,han|DT,iya|PNN,usa|NMBR,nga|DT,tiil|NN,",|?"
ha|DT,ilarum|PSTN,han|DT,mga|MDFR,bituun|NN,nga|DT,nakapuno|MDFR,han|DT,langit|NN,lumingkud|VB,hira|PNN,ngan|CJTN,nagkita|VB,han|DT,fireworks|FW,display|FW,:|?
nagtikang|VB,hiya|PNN,paghunahuna|VB,kun|DT,sanu|DT,dawla|CJTN,hira|PNN,magkikita|VB,utro|MDFR,",|?",siring|VB,ni|DT,virgini|FW,.|?
pasaylu-a|VB,ako|PNN,",|?",baton|VB,ni|DT,wes|FW,+|?
ka|PNN,diri|MDFR,ko|PNN,gudla|CJTN,karuyag|MDFR,gumawas|VB,]|?
ngan|CJTN,kun|DT,gumawas|VB,man|CLTC,ako|PNN,nga|DT,mayda|MDFR,kaupod|NN,nga|DT,iba|MDFR,",|?",diri|MDFR,it|IJTN,okay|FW,basta|IJTN,kagawas-gawas|MDFR,la|CLTC,",|?",seryoso|DT,ngan|CJTN,tuhay|MDFR,it|IJTN,akon|PNN,pagdara|VB,hito|DT,na|RP,butang|NN,>|?
emportante|MDFR,para|CJTN,akon|PNN,it|IJTN,aton|IJTN,kamag|DT,sangkay|NN,ngan|CJTN,diri|MDFR,ko|PNN,karuyag|MDFR,maguba|VB,ito|CJTN,>|?
diri…|IJTN,"""|?"
sumala|NN,kan|DT,virgina|FW,(|?
wes|FW,bago|CJTN,ka|PNN,pumahirayu…|VB,+|?
kumita|VB,hi|DT,wes|FW,ha|DT,ubos|VB,.|?
dinhi|PNN,nga|DT,parti|MDFR,kun|DT,diin|PNN,nagyakan|VB,hi|DT,virginia|FW,nga|DT,usa|NMBR,magsangkay|MDFR,la|CLTC,kita|MDFR,}|?
kinahanglan|MDFR,mo|NN,mabaruan|VB,nga|DT,pagbabantayan|VB,ko|PNN,ikaw|NN,parti|MDFR,han|DT,imo|DT,pagkatawo|NN,",|?",padayun|VB,ni|DT,virginia|FW,",|?",ngan|CJTN,bisan|MDFR,may|MDFR,aada|PNN,ka|PNN,usa|NMBR,nga|DT,tiil|NN,o|CJTN,duha|NMBR,*|?
para|CJTN,ha|DT,akon|PNN,",|?",bug-os|MDFR,ka|PNN,nga|DT,lalaki|NN,",|?",an|DT,bug-os|MDFR,nga|DT,tawo|NN,_|?
namati|VB,hi|DT,wes|FW,hin|IJTN,maupay|MDFR,}|?
higugmaun|MDFR,ko|PNN,ikaw|NN,",|?",siring|VB,ni|DT,wes|FW,",|?",nga|DT,an|DT,iya|PNN,boses|NN,manipis|MDFR,nga|DT,mayda|MDFR,halo|VB,nga|DT,emosyon|NN,~|?
higumaun|MDFR,ko|PNN,gihap|MDFR,ikaw|NN,",|?",baton|VB,ni|DT,virginia|FW,.|?
ha|DT,pinakauna|MDFR,nga|DT,panahon|NN,nagharukay|VB,hira|PNN,-|?
han|DT,pagkabawhan|MDFR,",|?",hi|DT,wes|FW,ngan|CJTN,virginia|FW,nagbulig|VB,pag-iskedyul|VB,han|DT,pagsirang|MDFR,han|DT,adlaw|NN,han|DT,kapulsanan|mdfr,didto|MDFR,ha|DT,gawas|VB,>|?
hi|DT,wes|FW,naniguro|MDFR,pinaagi|VB,hin|IJTN,mahulos|MDFR,nga|DT,banwa|NN,han|DT,gutiay|MDFR,la|CLTC,nga|DT,iya|PNN,artipisyal|MDFR,nga|DT,bitiis|NN,ngan|CJTN,han|DT,iya|PNN,nawara|VB,nga|DT,panimbang|VB,*|?
hi|DT,wes|FW,kay|CJTN,natumba|VB,ha|DT,tuna|NN,",|?",ngan|CJTN,nakaabat|VB,hiya|PNN,hin|IJTN,kasinahun|NN,hin|IJTN,pagkabigo|VB,ngan|CJTN,pagruhaduha|VB,.|?
nagdali-|OOV,dali|MDFR,pagdaup|VB,hi|DT,virginia|FW,ha|DT,iya|PNN,pero|CJTN,waray|MDFR,hiya|PNN,humangad|VB,kan|DT,virginia|FW,kay|CJTN,nahadluk|VB,hiya|PNN,kun|DT,anu|CJTN,an|DT,iya|PNN,makikit-an|VB,bangin|MDFR,kahadluk|NN,o|CJTN,kalooy|VB,?|?,bisan|MDFR,san-o|PNN,waray|MDFR,hiya|PNN,magruhaduha|VB,",|?",pero|CJTN,nakakaabat|VB,hiya|PNN,hin|IJTN,pagigin|CJTN,sensitibo|DT,;|?
nangungurog|MDFR,hiya|PNN,ngan|CJTN,naaawud|MDFR,:|?
pero|CJTN,ha|DT,katapusan|NN,nawara|VB,an|DT,iya|PNN,kahadluk|NN,^|?
amu|IJTN,ako|PNN,hine|MDFR,nakasabot|VB,hiya|PNN,<|?
an|DT,tawo|NN,nga|DT,nahuhulog|VB,usahay|MDFR,",|?",pero|CJTN,mabuhat|MDFR,kada|MDFR,oras|NN,nga|DT,mas|MDFR,makurokusog|MDFR,=|?
hadton|IJTN,marso|NN,binte|NMBR,siyete|NMBR,mil|NMBR,nueve|FW,sientos|FW,nubentay|NMBR,singko|NMBR,",|?",hi|DT,wes|FW,umabot|VB,didto|MDFR,ha|DT,kanto|DT,han|DT,altar|NN,han|DT,carmichael|FW,christian|NN,nga|DT,simbahan:|OOV,nakabado|MDFR,hin|IJTN,busag|NN,nga|DT,tuxedo|NN,#|?
kumita|VB,hiya|PNN,didto|MDFR,han|DT,pagsakub|VB,kun|DT,diin|PNN,hi|DT,virginia|FW,nakabado|MDFR,hin|IJTN,busag|NN,nga|DT,gown|NN,",|?",ngan|CJTN,kumadto|VB,ha|DT,luyo|MDFR,niya|PNN,",|?",kaupod|NN,han|DT,iya|PNN,kag-|CJTN,anak|NN,)|?
an|DT,simbahan|NN,napuno|VB,han|DT,an|DT,mike|NN,cook|FW,gi|CJTN,himu|CJTN,nga|DT,presentasyon|NN,para|CJTN,han|DT,seremonya|VB,han|DT,kasal|NN,.|?
duha|NMBR,mas|MDFR,maupay|MDFR,kaysa|DT,ha|DT,usa|NMBR,",|?",siring|VB,ni|DT,mike|NN,",|?",basa|VB,tikang|MDFR,han|DT,ecclesiastes|FW,.|?
kun|DT,an|DT,usa|NMBR,mahulog|VB,",|?",an|DT,iya|PNN,sangkay|NN,puydi|CJTN,bumulig|VB,ha|DT,iya|PNN,para|CJTN,tumindog|VB,utro|MDFR,||?
pero|CJTN,makalolooy|MDFR,nga|DT,tawo|NN,ngan|CJTN,waray|MDFR,bisan|MDFR,usa|NMBR,waray|MDFR,bumulig|VB,ha|DT,iya|PNN,||?
nagkakaputay|VB,hira|PNN,hin|IJTN,kamut|NN,ni|DT,virginia|FW,",|?",samtang|CJTN,naglalakaton|VB,tipaubos|PSTN,",|?",piktaw|CJTN,nga|DT,piktaw|CJTN,",|?",hasta|MDFR,han|DT,nakaabot|VB,na|RP,hira|PNN,didto|MDFR,han|DT,bawbaw|MDFR,.|?
an|DT,gutiay|MDFR,mas|MDFR,dumamu|NMBR,kaysa|DT,han|DT,tuig|NN,nga|DT,naglabay|NN,",|?",hi|DT,wes|FW,naghunahuna|VB,parti|MDFR,han|DT,planu|VB,han|DT,ginoo|NN,.|?
yana|NN,maaram|MDFR,na|RP,hiya|PNN,@|?
