salamagan|XX
may|MDFR,sablay|MDFR,niya|PNN,nga|DT,bag|NN
paglahos|VB,la|CLTC,ha|DT,akon|PNN,",|?",manapulo|NMBR,na|DT,siguro|MDFR,kapitad|NN,an|DT,kahirayo|MDFR,",|?",lumingi|MDFR,adto|PNN,nga|DT,tawo|NN,",|?",tagaan|XX,ako|PNN,han|DT,iya|PNN,talintuturo|XX,",|?",ngan|CJTN,magpabuto|VB,",|?",bang|CJTN,",|?",bang|CJTN,",|?",patay|MDFR,ka|PNN,na|DT,",|?",waray|MDFR,ukoy-ukoy|XX,hin|IJTN,pitad|VB
nagkabuslong|XX,an|DT,amon|XX,mga|MDFR,mata|NN,;|?,waray|MDFR,kami|PNN,nagkilalaay|XX
bumalik|VB,hiya|PNN,hin|IJTN,pagtadong|PSTN,paglakat|VB
ginkinitaan|VB,ko|PNN,ngada|CJTN,han|DT,pagliko|PSTN,tipasulod|PSTN,han|DT,agianan|NN,ngadto|DT,ha|DT,balay|NN
pagsaka|VB,ko|PNN,han|DT,paningudto|NN,",|?",nakadto|VB,na|DT,ha|DT,lamesa|NN,",|?",nangangabesera|VB
ambi|XX,anay|MDFR,kan|DT,imo|DT,tatay|NN,",|?",kunsi|IDEX,ni|DT,inay|NN
uruambi|XX,",|?",nganiya|DT,",|?",diri|MDFR,na|DT,ito|CJTN,uso|NN
pagdaop|VB,ko|PNN,",|?",tumukdaw|VB,hiya|PNN,ngan|CJTN,pag-iburuhaton|VB,ako|PNN
karuyag|MDFR,kunta|CLTC,niya|PNN,ako|PNN,ig-itsa|VB,tipaigbaw|PSTN,ngan|CJTN,tipaubos|PSTN,saluhon|VB
pag-abat|DT,nga|DT,diri|MDFR,niya|PNN,mahihimo|VB,",|?",kulaos|XX,naghininga-hinga|VB,:|?,an|DT,iya|PNN,paghingas|VB,ginhimo|VB,nga|DT,pagpatawa|VB
nga|DT,berat|IJTN,han|DT,iya|PNN,iroy|NN,",|?",hin|IJTN,bug-at|MDFR,na|DT,man|FW,hini|PNN,nga|DT,salamagan|XX
ano|NTRG,ngani|CJTN,an|DT,ginpipinakaon|VB,mo|NN,hini|PNN,",|?",ha|DT,?|?,hitaas|MDFR,na|DT,pa|CLTC,gud|CLTC,ada|IJTN,ha|DT,akon|PNN
aber|IJTN,?|?
nakipagtalikuray|VB,hin|IJTN,pagsukol|VB,;|?,tagatalinga|MDFR,ako|PNN,ha|DT,iya|PNN
makakausa|VB,ka|PNN,pa|CLTC,ngayan|CLTC,kabangkat|MDFR,hin|IJTN,bugas|NN,",|?",entoy|NN
dagos|MDFR,gumukon|VB,an|DT,buhok|NN,ko|PNN,hin|IJTN,pag-ugay|VB
kundi|CJTN,",|?",pwede|DT,na|DT,ada|IJTN
binutangan|MDFR,hin|IJTN,mahinay|MDFR,nga|DT,suntok|VB,an|DT,braso|NN,ko|PNN,ngan|CJTN,umatubang|VB,hiya|PNN,ha|DT,akon|PNN,",|?",sige|CLTC,an|DT,paglinuob-luob|VB,ngan|CJTN,pagdyinab-dyab|VB,",|?",nakikipagbuksingay|VB
ta|PNN,",|?",kay|CJTN,mulay|VB,man|FW,la|CLTC,ini|PNN,",|?",inungayan|VB,ko|PNN
ginhugot|VB,ko|PNN,an|DT,akon|PNN,musil-pusil|NN
bang|CJTN
nagpakatiru-tikwadol|VB,hiya|PNN,tipaatras|MDFR,ngadto|DT,han|DT,bungbong|NN,",|?",nahikakaptan|MDFR,an|DT,sugbong|MDFR,nga|DT,kunta|CLTC,tinamaan|VB,",|?",natitingyay|VB,an|DT,nawong|NN
nagtininghakon|VB
nganiya|DT,",|?",entoy|NN,",|?",antes|XX,ako|PNN,gul-an|MDFR,paghinikaginhawa|VB,",|?",may|MDFR,ko|PNN,itututdo|VB,ha|DT,imo|DT
pumusil|VB,ka|PNN,ngani|CJTN,hin|IJTN,tawo|NN,",|?",siguraduha|VB,nga|DT,patay|MDFR,ha|DT,una|NMBR,mo|NN,nga|DT,pagpabuto|VB,",|?",kay|CJTN,makabulos|VB,pa|CLTC,ngani|CJTN,",|?",bangin|MDFR,ikaw|NN,lugod|CLTC,it|IJTN,’|?,mamortalan|VB
ig-a|VB,",|?",siring|VB,pa|CLTC,",|?",right|FW,between|FW,the|FW,eyes|FW,",|?",bang|CJTN
dedbol|XX
gintitinutduan|VB,mo|NN,pa|CLTC,gud|CLTC,it|IJTN,’|?,nga|DT,im|CJTN,’|?,anak|NN,",|?",kunsi|IDEX,ni|DT,nanay|NN,",|?",hin|IJTN,aadi|PNN,duro|IJTN,na|DT,ngani|CJTN,it|IJTN,’|?,kamakiaawayon|MDFR
maupay|MDFR,daw|MDFR,yana|NN,kay|CJTN,bakasyon|NN,",|?",kun|XX,diri|MDFR,",|?",kada|MDFR,adlaw|NN,",|?",haros|MDFR,",|?",may|MDFR,sumbong|VB,ha|DT,akon|PNN,it|IJTN,’|?,iya|PNN,maestra|NN
kay|CJTN,hira|PNN,man|FW,",|?",nganakon|IJTN,",|?",kamasunlog|MDFR
hino|CJTN,nga|DT,hira|PNN,?|?
mga|MDFR,klasmit|NN,ko|PNN
labi|DT,na|DT,gud|CLTC,it|IJTN,’|?,iito|IJTN,nga|DT,luis|NN,bagis|MDFR
ano|NTRG,man|FW,ito|CJTN,hiya|PNN,?|?
bagaka|DT,man|FW,hin|IJTN,pulis|NN,nga|DT,mag-inimbestigar|VB,",|?",sumagbang|VB,hi|DT,nanay|NN
sarabutan|VB,mo|NN
aw|IJTN,",|?",ngay-an|CLTC,?|?,sige|CLTC
anak|NN,ito|CJTN,hiya|PNN,hadton…|IJTN,ano|NTRG,man|FW,",|?",an…|DT,maaram|MDFR,ka|PNN,na|DT
an|DT,magurang|NN,hito|DT,ngabata|IJTN,amo|MDFR,iton|CJTN,makarit|MDFR,yana|NN,mag-eskrima|XX,",|?",kuno|CLTC
tibulos|VB,gad|CLTC,hira|PNN
di|CJTN,gad|CLTC,",|?",asahan|VB,mo|NN,man|FW,ito|CJTN
di|CJTN,na|DT,gad|CLTC,liwat|CLTC,ako|PNN,tiasa|VB,",|?",kay|CJTN,elementary|MDFR,la|CLTC,ito|CJTN,",|?",gradwit|MDFR,na|DT,ako|PNN,hito|DT,nga|DT,urueskrima|VB
an|DT,akon|PNN,la|CLTC,",|?",kay|CJTN,ano|NTRG,man|FW,in|IJTN,ira|PNN,pagpinanmenggar|XX,?|?
bengar|XX,ngani|CJTN,nga|DT,ano|NTRG,?|?,sunlog|XX,la|CLTC,ito|CJTN,nira|PNN,hini|PNN
ano|NTRG,man|FW,ito|CJTN,nga|DT,klasi|NN,hin|IJTN,sunlog|XX,",|?",ha|DT,",|?",entoy|NN,?|?
waray|MDFR,ako|PNN,hito|DT,makagsagbang|VB
hi|DT,nanay|NN,lugod|CLTC
hiunong|MDFR,gihapon|xx,ha|DT,imo|DT,",|?",maiba|VB,pa|CLTC,ba|CLTC,?|?
ano|NTRG,man|FW,hiunong|MDFR,ha|DT,akon|PNN,?|?
kay|CJTN,",|?",an|DT,hadto|DT,pa|CLTC,gad|CLTC,nga|DT,hitabo|VB
ikaw|NN,",|?",entoy|NN,",|?",ikinaaawod|MDFR,mo|NN,ako|PNN,?|?
ikaaawod|MDFR,ka|PNN,na|DT,gud|CLTC,hito|DT,",|?",an|DT,ak|PNN,’|?,pa|CLTC,daw|MDFR,mga|MDFR,kalag|NN,",|?",sumagbang|VB,na|DT,liwat|CLTC,hi|DT,nanay|NN
pastilan|IJTN,",|?",ikaw|NN,it|IJTN,’|?,idolo|NN,hito|DT,",|?",ngan|CJTN,supo|MDFR,pa|CLTC,gud|CLTC,ha|DT,imo|DT,hin|IJTN,kamaisog|MDFR
makausa|NMBR,magdara|VB,na|DT,ito|CJTN,hin|IJTN,sundang|NN,ngan|CJTN,manibo|VB,ha|DT,eskwelahan|NN
ribok|MDFR,gad|CLTC,",|?",pati|MDFR,na|DT,an|DT,baryo|NN
ngumisi|VB,hito|DT,hi|DT,tatay|NN,",|?",sugad-sugad|DT,hin|IJTN,may|MDFR,naisip|VB,nga|DT,tiaw|XX
nga|DT,laong|DT,",|?",ano|NTRG,ka|PNN,na|DT,nga|DT,grade|DT,?|?
five|FW
five|FW,",|?",ha|DT,?|?,aber|IJTN,",|?",three|FW,hundrid|FW,sixty-five|FW,times|FW,sixty|FW,",|?",pera|xx,man|FW,?|?
iginhinagidhid|VB,ko|PNN,an|DT,akon|PNN,tiil|NN,ha|DT,salog|NN,hin|IJTN,pagtinayms|FW,",|?",waray|MDFR,gud|CLTC,ak|PNN,’|?,makakakuha|VB
an|DT,nanay|NN,man|FW,",|?",umentra|VB,liwat|CLTC,",|?",amo|MDFR,na|DT,ito|CJTN,",|?",kay|CJTN,katalawan|MDFR,umatubang|VB,hin|IJTN,libro|NN,",|?",ambot|IJTN,kun|XX,diin|PNN,sumupo|VB
gintinutok|VB,hito|DT,ni|DT,tatay|NN,hi|DT,nanay|NN,hin|IJTN,paurok-urok|VB,;|?,ginmuop|XX,ha|DT,balay|NN,in|IJTN,pagmingaw|VB,nga|DT,an|DT,karasikas|VB,han|DT,kapisuan|XX,ha|DT,sirong|MDFR,‘|?,say|FW,la|CLTC,nakagis|VB
pagyakan|VB,na|DT,ni|DT,tatay|NN,",|?",ngadi|PNN,ha|DT,akon|PNN,an|DT,pangita|NN
bakay|MDFR,naghayskul|MDFR,hiya|PNN,",|?",kasiring|VB,ada|IJTN,nga|DT,buloker|MDFR,na|DT,la|CLTC,kita|MDFR,kay|CJTN,elementary|MDFR,la|CLTC
bali|NN,waray|MDFR,grimater|MDFR,o|CJTN,sentido|NN,kumon|XX,na|DT,man|FW,la|CLTC
ano|NTRG,an|DT,iya|PNN,kasiring|VB,hadi|NN,yana|NN,nga|DT,pakagawas|VB,ko|PNN,dayon|MDFR,?|?,hadto|DT,nga|DT,ginkinarawat|VB,niya|PNN,",|?",nga|DT,iginpaayad|VB,pa|CLTC,ngani|CJTN,hini|PNN,nga|DT,balay|NN,?|?,hadton|IJTN,pakagkalit|VB,ko|PNN,nganhi|DT,?|?,an|DT,kalipayan|NN,daw|MDFR,niya|PNN,hadto|DT,",|?",nagburod|VB,pa|CLTC,gud|CLTC
hus|IJTN,",|?",kunsi|IDEX,ni|DT,nanay|NN
inaano|IJTN,daw|MDFR,la|CLTC,ini|PNN,nga|DT,tawo|NN,?|?
ano|NTRG,nga|DT,inaano|IJTN,?|?,ikaw|NN,dida|PNN,it|IJTN,’|?,hasta|PNN,ngada|CJTN,yana|NN,nagbibinasul|VB,pa|CLTC,ha|DT,akon|PNN,hadton|IJTN,paghiukoy|VB,mo|NN,hin|IJTN,pag-aram|VB
kay|CJTN,ano|NTRG,",|?",di|CJTN,ba|CLTC,karuyag|MDFR,mo|NN,liwat|CLTC,adto|PNN,?|?,baton|VB
ta|PNN,",|?",hala|IJTN,",|?",oo|MDFR
tana|VB,pangaon|VB,",|?",mahagkot|MDFR,iton|CJTN,sabaw|NN
anay|MDFR,",|?",sige|CLTC,la|CLTC,kamo|PNN,",|?",nahimangno|VB,ada|IJTN,hi|DT,iday|NN
naniid|VB,kadaliay|xx,hi|DT,nanay|NN,ngan|CJTN,nagdali-dali|VB,ngadto|DT,ha|DT,sulod|VB,",|?",igo|NN,la|CLTC,hin|IJTN,pagpahugpoy|VB,han|DT,minasus-an|MDFR,nga|DT,nagtitikang|VB,pa|CLTC,la|CLTC,pagkurahab|XX
han|DT,ginkikinantahan|VB,na|DT,niya|PNN,adto|PNN,hin|IJTN,buyaboy|XX,paglibang|VB,",|?",umukoy|VB,hiya|PNN,usa|NMBR,kadali|MDFR,pagsiring|VB,ngadi|PNN,ha|DT,gawas|VB,:|?,kan|DT,tatay|NN,kunta|CLTC,hirigutan|MDFR,adto|PNN,nga|DT,akon|PNN,gintola|VB
a|IJTN,",|?",kunsi|IDEX,ni|DT,apoy|NN,",|?",nga|DT,umukoy|VB,anay|MDFR,paghinagurot|VB,hin|IJTN,sabaw|NN,",|?",waray|MDFR,sapayan|IJTN,",|?",waray|MDFR,sapayan|IJTN,",|?",may|MDFR,okasyon|NN,man|FW,",|?",may|MDFR,okasyon|NN,man|FW
aadi|PNN,pa|CLTC,ngani|CJTN,in|IJTN,bahalina|XX,nga|DT,waray|MDFR,pa|CLTC,gad|CLTC,syete|NMBR,biyernes|NN,an|DT,pagkalubong|VB,",|?",waray|MDFR,pa|CLTC,gad|CLTC,",|?",kundi|CJTN,ginpaukad|VB,ko|PNN,nala|CJTN,",|?",agwantahi|VB,nala|CJTN
oy|IJTN,",|?",salamat|IJTN,",|?",kunsi|IDEX,na|DT,man|FW,ni|DT,tatay|NN,kan|DT,apoy|NN
balitaw|CLTC,buotan|MDFR,gad|CLTC,ha|DT,akon|PNN,ito|CJTN,nga|DT,imo|DT,anak|NN,",|?",ka|PNN,di|CJTN,la|CLTC,niya|PNN,pagbilib|VB,ha|DT,akon|PNN
baa|IDEX,",|?",bisan|MDFR,grade|DT,six|FW,la|CLTC,ini|PNN,",|?",wais|MDFR,na|DT,bata|NN,eto|PSTN,",|?",siring|VB,pa|CLTC,didto|MDFR,ha|DT,manila|NN,",|?",madunong|XX
three|FW,hundred|FW,sixty-five|FW,times|FW,sixty|FW,?|?,kamadali|MDFR
dos|NMBR,mil|NMBR,sien|NMBR,nobenta|NMBR,diyas|FW
master|FW,ko|PNN,ito|CJTN,",|?",kay|CJTN,amo|MDFR,la|CLTC,ito|CJTN,an|DT,gin-sinuma-kumlawdihan|MDFR,ko|PNN,han|DT,akon|PNN,paghi-goodbye|VB,samar|NN
sumiring|VB,hi|DT,apoy|NN,",|?",maupay|MDFR,",|?",sige|CLTC,an|DT,samsam|VB,",|?",maupay|MDFR,nga|DT,kaluto|VB
tay|XX,",|?",nganakon|IJTN,",|?",may|MDFR,may|MDFR,ada|IJTN,ko|PNN,unta|IJTN,igpapakiana|VB
kundi|CJTN,an|DT,tingog|NN,ko|PNN,waray|MDFR,batia|VB
nag-aalang|MDFR,pa|CLTC,naman|CLTC,ako|PNN
di|CJTN,ko|PNN,pa|CLTC,man|FW,gud|CLTC,hiya|PNN,kilala|MDFR
baman|IJTN,han|DT,pag-uli|VB,niya|PNN,han|DT,hani|CJTN,",|?",kadaliay|xx,man|FW,la|CLTC,adto|PNN,",|?",ngan|CJTN,gab-i|NN,pa|CLTC,gud|CLTC,la|CLTC,an|DT,pagpapakita|VB,niya|PNN,",|?",baga-baga|PNN,kunsi|IDEX,ni|DT,apoy|NN,hin|IJTN,morto|XX
ngan|CJTN,hadton|IJTN,una|NMBR,pa|CLTC,hito|DT,",|?",kaiha|MDFR,na|DT,daw|MDFR,",|?",kay|CJTN,waray|MDFR,pa|CLTC,ngani|CJTN,ako|PNN,pagtitikang|VB,pag-aram|VB,han|DT,iya|PNN,kapriso|VB
an|DT,hinpatungdaan|VB,lugod|CLTC,hadto|DT,",|?",tungod|MDFR,kay|CJTN,istoryahon|VB,ha|DT,baryo|NN,",|?",mag-aram|VB,nga|DT,tanan|NN,",|?",bisan|MDFR,an|DT,kabataan|NN,",|?",nahibabaruan|VB,ko|PNN
gin-challenge|VB,man|FW,hadto|DT,ni|DT,tatay|NN,an|DT,pinakamakarit|MDFR,nga|DT,parag-eskrima|MDFR,dida|PNN,ha|DT,amon|XX,nga|DT,paghihigawas|VB,pa|CLTC,la|CLTC,ha|DT,prisohan|NN,tikang|MDFR,han|DT,pakamatay|VB
humangaw|VB,adto|PNN,nga|DT,tawo|NN,ha|DT,bintana|NN,han|DT,balay|NN,niya|PNN,ngan|CJTN,nagsiring|VB,:|?
waray|MDFR,pa|CLTC,ngani|CJTN,paghahagkot|MDFR,an|DT,higdaan|NN,ko|PNN,didto|MDFR,",|?",pababalikon|VB,mo|NN,na|DT,liwat|CLTC,ako|PNN
hi|DT,tatay|NN,na|DT,man|FW,",|?",nga|DT,nakada|VB,han|DT,libong|NN,",|?",bumaton|VB,hin|IJTN,pagkasiring|VB,:|?,may|MDFR,ada|IJTN,na|DT,masaliwan|VB,ha|DT,imo|DT,paghigda|VB,didto|MDFR,",|?",kay|CJTN,huhuliron|VB,ka|PNN,man|FW,dinhi|PNN,ha|DT,lubnganan|NN
maiha|MDFR,pa|CLTC,daw|MDFR,adto|PNN,ukaron|VB
ta|PNN,",|?",an|DT,darad-on|NN,ko|PNN,gintima|VB,na|DT
nagpiling-piling|VB,adto|PNN,nga|DT,tawo|NN,nga|DT,baga|MDFR,hin|IJTN,guol|MDFR,na|DT,hin|IJTN,yakan|VB
hulat|VB
huhulaton|VB
umurudto|XX,na|DT,adto|PNN,",|?",nanira|VB,na|DT,an|DT,kabablayan|NN
ngan|CJTN,dida|PNN,han|DT,pagmingaw|VB,nga|DT,ginmuop|XX,han|DT,baryo|NN,",|?",kalanoy|XX,nga|DT,hindudunggan|VB,an|DT,hinaranting|XX,han|DT,nagrarapu-rapu|VB,nga|DT,mga|MDFR,binalhag|VB,",|?",higlalaba|XX
an|DT,sinisiring|VB,nga|DT,goodbye|FW,samar|NN
kay|CJTN,gamiton|VB,mo|NN,ngani|CJTN,hiaantaw|VB,ka|PNN,gud|CLTC,man|FW,nga|DT,’|?,t|XX,ha|DT,munti|MDFR,",|?",kun|XX,di|CJTN,man|FW,nga|DT,’|?,t|XX,ha|DT,iba|MDFR,nga|DT,kalibutan|NN
ligas|NN,na|DT,mahuman|VB,an|DT,away|NN
kapin|XX,karuhaan|XX,an|DT,tama|MDFR,hadton|IJTN,usa|NMBR,",|?",may|MDFR,lumapos|VB,han|DT,lawas|NN,",|?",may|MDFR,haros|MDFR,umutod|VB,han|DT,liog|NN
samaran|VB,liwat|CLTC,adto|PNN,hi|DT,tatay|NN,nga|DT,naglakat|VB,ngadto|DT,ha|DT,bungto|NN,pagsumat|VB,ha|DT,pulis|NN,nga|DT,nakamatay|VB,hiya|PNN,hin|IJTN,tawo|NN
panhimulos|VB,ko|PNN,la|CLTC,adto|PNN,",|?",ngalaong|IDEX,",|?",han|DT,pakamatay|VB,niya|PNN,han|DT,akon|PNN,amay|NN,hin|IJTN,sugad|VB,gihapon|xx,nga|DT,hitabo|VB
adto|PNN,nga|DT,hitabo|VB,kun|XX,iniimadyin|VB,ko|PNN,sugad-sugad|DT,hin|IJTN,sininggolay|XX,nga|DT,pinsing|XX,dida|PNN,hiton|IJTN,mga|MDFR,ninja|FW,nga|DT,sine|NN,nga|DT,danay|MDFR,ko|PNN,hikit-an|VB,kun|XX,gin-uupod|VB,ako|PNN,ni|DT,nanay|NN,ha|DT,bungto|NN
tigkadto|MDFR,hiya|PNN,pagbaligya|VB,hin|IJTN,manok|NN,",|?",baboy|NN,",|?",duma|NN,",|?",utanon|NN,o|CJTN,kun|XX,ano|NTRG,la|CLTC,nga|DT,gikan|VB,ha|DT,uma|NN,nga|DT,asya|MDFR,an|DT,nagbubuhi|VB,ha|DT,amon|XX,hadton|IJTN,una|NMBR
hanin|XX,urhi|MDFR,",|?",tigkadto|MDFR,liwat|CLTC,hiya|PNN,pagkuha|VB,dit|PSTN,’|?,ha|DT,post|FW,office|FW,hin|IJTN,padara|VB,nga|DT,alawans|FW,kuno|CLTC,",|?",ambot|IJTN,kun|XX,tikang|MDFR,diin|PNN,",|?",kay|CJTN,priso|MDFR,pa|CLTC,man|FW,hi|DT,tatay|NN
hi|DT,tatay|NN,man|FW,liwat|CLTC,nahuhunahuna|VB,ko|PNN,nga|DT,sugad|VB,han|DT,bida|NN,hiton|IJTN,sinisiring|VB,ko|PNN,nga|DT,sine|NN,:|?,ladawan|NN,hin|IJTN,kaharangdon|MDFR,",|?",sikil|NN,an|DT,lawas|NN,",|?",manungdo|XX,an|DT,gios|VB,",|?",inihap|VB,an|DT,pulong|NN,",|?",antigo|MDFR,ha|DT,eskrima|XX,",|?",waray|MDFR,paglimbong|VB,",|?",waray|MDFR,pagkalit|VB,",|?",waray|MDFR,inaatrasan|VB,",|?",kundi|CJTN,an|DT,kamaisog|MDFR,niya|PNN,makaharadlok|MDFR,la|CLTC,ha|DT,kaaway|NN,nga|DT,magraugdaug|MDFR,",|?",ginagamit|VB,la|CLTC,hin|IJTN,panabang|MDFR,hiton|IJTN,kababayin-an|NN,",|?",kabataan|NN,",|?",kalagsan|NN,",|?",kablasanon|MDFR,",|?",bisan|MDFR,hino|CJTN,nga|DT,gintatalumpigos|VB,",|?",labot|NN,la|CLTC,ha|DT,paggamita|VB,hin|IJTN,self|FW,defense|FW
gindudum-itan|VB,ngani|CJTN,adto|PNN,nga|DT,ladawan|NN,ni|DT,tatay|NN,ha|DT,akon|PNN,hunahuna|MDFR,",|?",kadagmit|MDFR,ko|PNN,mahangrit|MDFR
sanglit|CJTN,man|FW,ginduduroy|MDFR,ako|PNN,hin|IJTN,sunlog|XX,nga|DT,ano|NTRG,pa|CLTC,",|?",kundi|CJTN,away|NN,an|DT,hingangadtoan|NN
may|MDFR,nasiring|VB,nga|DT,nakatapang|XX,la|CLTC,hi|DT,tatay|NN,hadton|IJTN,pagdaug|VB,niya|PNN,han|DT,away|NN,nga|DT,iya|PNN,ikinapriso|MDFR
may|MDFR,nasiring|VB,nga|DT,waray|MDFR,na|DT,an|DT,pagkakatpong|XX,niya|PNN,ha|DT,pag-eskrima|VB,",|?",labi|DT,na|DT,kay|CJTN,hin|IJTN,kaiha|MDFR,na|DT,niya|PNN,nga|DT,priso|MDFR,",|?",suruholan|MDFR,hin|IJTN,pamatay|VB,ha|DT,gawas|VB
matuod|VB,may|MDFR,ginkinarawat|VB,hi|DT,nanay|NN,",|?",naatpan|VB,hin|IJTN,yero|NN,ngan|CJTN,nabungbungan|VB,hin|IJTN,kahoy|NN,an|DT,amon|XX,balay|NN,",|?",ngan|CJTN,nakagbisita|VB,hi|DT,tatay|NN,ha|DT,amon|XX,hin|IJTN,tago|MDFR
amo|MDFR,nga|DT,karuyag|MDFR,ko|PNN,manginsayod|VB,ha|DT,iya|PNN
waray|MDFR,na|DT,ako|PNN,pakagpakiana|VB,kay|CJTN,nagkaabot|VB,na|DT,man|FW,in|IJTN,kapatoran|NN,",|?",kasangkayan|NN,",|?",kapadihan|NN,",|?",manhindara|VB,hin|IJTN,sumsuman|VB,ngan|CJTN,irimnon|NN,",|?",dugang|NN,pa|CLTC,han|DT,akn|XX,apoy|NN,bahalina|XX
nagbubugiot|VB,hira|PNN,nga|DT,nag-inirignom|VB,dida|PNN,han|DT,haligot|DT,namon|NN,nga|DT,pangaraonan|NN,",|?",hi|DT,tatay|NN,nagbibinida|VB,han|DT,iya|PNN,mga|MDFR,kaagi|NN,",|?",nahimumutnga|PSTN,ha|DT,ira|PNN,",|?",baga|MDFR,hin|IJTN,boss|FW,han|DT,mga|MDFR,kontrabida|MDFR
kaaringasa|MDFR,hadto|DT,nga|DT,kalipay|NN
may|MDFR,pagkinaranta|VB,",|?",may|MDFR,paghinarahara|VB
an|DT,karukayakan|VB,nadalunot|VB,la|CLTC,dida|PNN,han|DT,waray|MDFR,hunong|VB,nga|DT,pagtinagay-tagay|VB
kun|XX,ayaton|VB,ka|PNN,yana|NN,",|?",padi|NN,",|?",pakiana|VB,han|DT,usa|NMBR,",|?",maano|VB,ka|PNN,man|FW,?|?
a|IJTN,",|?",kunsi|IDEX,ni|DT,tatay|NN,",|?",masiring|VB,gad|CLTC,ako|PNN,nga|DT,pass|FW
nagpakabati|VB,na|DT,liwat|CLTC,an|DT,iba|MDFR,ha|DT,baryo|NN,ha|DT,kan|DT,tatay|NN,pag-abot|VB
may|MDFR,naagi|VB,ngani|CJTN,ha|DT,atubangan|MDFR,",|?",nahinay|VB,an|DT,paglakat|VB,",|?",nagliliningi-lingi|VB,ngadi|PNN,ha|DT,balay|NN
paghuruhudlomay|MDFR,la|CLTC,",|?",nakadi|VB,na|DT,gud|CLTC,man|FW,an|DT,batan-on|NN,pa|CLTC,nga|DT,suhag|NN,hadton|IJTN,ginpatay|VB,ni|DT,tatay|NN,",|?",may|MDFR,taklos|NN,nga|DT,binalhag|VB,",|?",may|MDFR,mga|MDFR,tambong|NN,nga|DT,nasunod|VB
natapak|VB,pa|CLTC,la|CLTC,hiya|PNN,ha|DT,amon|XX,libong|NN,",|?",nahangaw|VB,na|DT,hi|DT,tatay|NN,ngan|CJTN,say|FW,pa|CLTC,gud|CLTC,nag-una|VB,hin|IJTN,pagyakan|VB
uli|VB,na|DT,la|CLTC,",|?",ngalaong|IDEX,",|?",kay|CJTN,diri|MDFR,ko|PNN,buot|NN,pumatay|VVB,ha|DT,imo|DT
di|CJTN,ta|PNN,ikaw|NN,uungayan|VB,hin|IJTN,eskrimahay|VB
graduate|FW,na|DT,ako|PNN,hito|DT
tama|MDFR,na|DT,ito|CJTN,nga|DT,paraptayay|VB,dinhi|PNN,ha|DT,aton|IJTN,",|?",waray|MDFR,hito|DT,hinngangadtuan|NN
kanan|PNN,kandidato|NN,man|FW,adto|PNN,speech|FW,",|?",kunsi|IDEX,han|DT,nagubat|VB
corrupt|FW,ka|PNN,na|DT,gud|CLTC,man|FW,ada|IJTN,",|?",napatay|VB,ka|PNN,na|DT,la|CLTC,kun|XX,sinusuholan|MDFR,",|?",pakalit|MDFR
siring|VB,na|DT,la|CLTC,kun|XX,nahadlok|VB,ka|PNN,hin|IJTN,atubangay|VB
nagpiling-piling|VB,adton|XX,akon|PNN,amay|NN,nga|DT,baga|MDFR,hin|IJTN,guol|MDFR,na|DT,hin|IJTN,yakan|VB
hulat|VB
huhulaton|VB
malusad|VB,na|DT,hi|DT,tatay|NN,",|?",waray|MDFR,man|FW,taklos|NN,nga|DT,salsalon|VB,",|?",may|MDFR,ada|IJTN,lugod|CLTC,sinuksok|VB,ha|DT,hawak|NN
makausa|NMBR,la|CLTC,hiya|PNN,magpabuto|VB,",|?",bang|CJTN
dedbol|XX
damo|MDFR,in|IJTN,nagsagdon|VB,kan|DT,tatay|NN,hin|IJTN,pagkalagyo|VB,na|DT
nasiring|VB,man|FW,la|CLTC,nga|DT,diri|MDFR,hiya|PNN,tidalagan|VB,kay|CJTN,an|DT,balaod|NN,nakadi|VB,ha|DT,iya|PNN,daplin|xXX
huhulaton|VB,la|CLTC,niya|PNN,an|DT,pulis|NN,",|?",higagawas|VB,man|FW,hiya|PNN,dayon|MDFR
may|MDFR,pinanngaranan|VB,hiya|PNN,nga|DT,mga|MDFR,big|FW,shot|FW,ha|DT,pamunuan|NN,nga|DT,damo|MDFR,iton|CJTN,masusugo|MDFR,nga|DT,abogado|NN,pag-ataman|VB,han|DT,iya|PNN,kalipungan|MDFR,:|?,waray|MDFR,adto|PNN,nga|DT,kaso|NN
kundi|CJTN,gin-inulit-ulit|MDFR,adto|PNN,niya|PNN,:|?,an|DT,paggubata|VB,ha|DT,iya|PNN,hadton|IJTN,namatay|VB,nga|DT,armado|NN,nga|DT,sumakob|VB,han|DT,iya|PNN,libong|NN,",|?",an|DT,pag-ihurugot|VB,hadto|DT,han|DT,nahitataklos|MDFR,nga|DT,binalhag|VB,",|?",an|DT,kahipiriti|MDFR,niya|PNN,pagpusil|VB,hadto|DT,han|DT,iya|PNN,rebolber|FW,",|?",armas|NN,nga|DT,ginpagamit|MDFR,ha|DT,iya|PNN,han|DT,mga|MDFR,awtoridad|NN,kay|CJTN,asset|FW,man|FW,hiya|PNN,hin|IJTN,pagtiktik|VB,hiton|IJTN,mga|MDFR,kriminal|NN
kahuman|CJTN,han|DT,hitabo|VB,nagbungkas|VB,na|DT,an|DT,irignom|VB
an|DT,pipira|MDFR,nga|DT,nahibilin|VB,nagtinag-usa-usa|VB,panguli|VB
ha|DT,katapusan|NN,hi|DT,kami|PNN,na|DT,la|CLTC,nira|PNN,nanay|NN,",|?",hi|DT,iday|NN,",|?",hi|DT,apoy|NN,ngan|CJTN,ako|PNN,an|DT,kan|DT,tatay|NN,ginsisinumatan|VB
nagsirom|MDFR,",|?",ginsindihan|VB,ko|PNN,an|DT,petromax|NN
nahingaturog|VB,hi|DT,apoy|NN
nag-uusahan|MDFR,na|DT,la|CLTC,hi|DT,tatay|NN,nga|DT,natangka|VB,didto|MDFR,han|DT,gin-irignoman|MDFR,",|?",an|DT,iya|PNN,pusil|NN,nakada|VB,ha|DT,atubangan|MDFR,niya|PNN,han|DT,lamesa|NN,nga|DT,puno|MDFR,pa|CLTC,hin|IJTN,gamit|VB,nga|DT,mga|MDFR,baso|NN,ngan|CJTN,hin|IJTN,natutura|MDFR,nga|DT,sumsuman|VB
hubog-hubog|MDFR,na|DT,gad|CLTC,",|?",sige|CLTC,pa|CLTC,an|DT,pagtinagay|VB
gintagayan|VB,ako|PNN,",|?",ginsaway|VB,ni|DT,nanay|NN
san-o|PNN,pa|CLTC,man|FW,ito|CJTN,nga|DT,bata|NN,pagtitikang|VB,pag-aram|VB,?|?
diri|MDFR,ito|CJTN,asya|MDFR,an|DT,angay|MDFR,niya|PNN,pag-adman|VB
lugar|NN,nadiri|VB,ka|PNN,nga|DT,nainom|VB,ako|PNN
waray|MDFR,sapayan|IJTN,ha|DT,imo|DT,",|?",lagas|MDFR,ka|PNN,na|DT,",|?",it|IJTN,’|?,imo|DT,kinabuhi|NN,waray|MDFR,na|DT
sarabotan|MDFR,mo|NN,hit|IJTN,’|?,akon|PNN,kinabuhi|NN
maupay|MDFR,na|DT,la|CLTC,nga|DT,diri|MDFR,ako|PNN,nasabot|VB
pero|CJTN,maaram|MDFR,ka|PNN,na|DT,yana|NN,nga|DT,secret|FW,agent|FW,ako|PNN,",|?",may|MDFR,license|FW,to|CJTN,kill|FW
ambot|IJTN,",|?",waray|MDFR,ko|PNN,labot|NN
kay|CJTN,maraot|MDFR,",|?",karuyag|MDFR,mo|NN,sidngon|VB
kasiring|VB,mo|NN,liwat|CLTC,nga|DT,diri|MDFR,ako|PNN,maaram|MDFR,hito|DT,",|?",nga|DT,manghak|VB,na|DT,gud|CLTC,ako|PNN,",|?",diri|MDFR,inaalpan|MDFR,hin|IJTN,kaluoy|NN,o|CJTN,pagbasol|VB
patay|MDFR,gad|CLTC,la|CLTC,it|IJTN,’|?,waray|MDFR,hito|DT
ambot|IJTN,pa|CLTC,man|FW,ngani|CJTN
kay|CJTN,ano|NTRG,man|FW,nga|DT,sige|CLTC,ka|PNN,la|CLTC,gihapon|xx,hito|DT,nga|DT,kinabuhi|NN,?|?
kasiring|VB,mo|NN,kun|XX,waray|MDFR,hito|DT,may|MDFR,ada|IJTN,ba|CLTC,ako|PNN,?|?,kairo|MDFR,niyo|PNN,kun|XX,waray|MDFR,ako|PNN
hino|CJTN,in|IJTN,nasiring|VB,ha|DT,imo|DT,?|?,nabuhi|VB,man|FW,hito|DT,kami|PNN,hin|IJTN,waray|MDFR,ka|PNN
aw|IJTN,",|?",ngay-an|CLTC
ta|PNN,",|?",hala|IJTN,",|?",makadi|VB,na|DT,ako|PNN
upaya|VB,na|DT,la|CLTC,nga|DT,pagtimangno|VB,hiton|IJTN,kabataan|NN
entoy|NN,",|?",kada|MDFR,harok|VB,hiton|IJTN,akon|PNN,kamot|NN
nahingatawa|VB,hi|DT,nanay|NN
nga|DT,niya|PNN,",|?",nag-inakturon|VB,ka|PNN,na|DT,liwat|CLTC,",|?",kahubog|VB,mo|NN,na|DT,gud|CLTC,man|FW
hi|DT,iday|NN,",|?",di|CJTN,mo|NN,pahahadkon|VB
sige|CLTC,",|?",hi|DT,iday|NN,anay|MDFR
itinigbaw|VB,ni|DT,tatay|NN,an|DT,iya|PNN,kamot|NN,ngadto|DT,han|DT,bata|NN,nga|DT,idinuko|VB,ni|DT,nanay|NN,hin|IJTN,pagpaharok|VB
kadi|VB,ka|PNN,na|DT,",|?",entoy|NN
ginduso|VB,ako|PNN,ni|DT,nanay|NN
tuna|NN,ngani|CJTN,",|?",pakiugayi|VB,na|DT,la|CLTC,anay|MDFR,basi|CJTN,hingaturog|VB,ngan|CJTN,mahawhawan|VB
pagharok|VB,ko|PNN,han|DT,iya|PNN,kamot|NN,",|?",sumiring|VB,hi|DT,tatay|NN,:|?,nga|DT,salamagan|XX,ini|PNN,",|?",dadaop|VB,gad|CLTC,dayon|MDFR,kun|XX,tatawagon|VB,ka|PNN
pagbuotan|VB
sugot|VB,kan|DT,imo|DT,nanay|NN,kay|CJTN,diri|MDFR,ka|PNN,maghihikaraot|VB
ako|PNN,",|?",makadi|VB,na|DT,ako|PNN,",|?",kay|CJTN,nasiring|VB,hi|DT,imo|DT,nanay|NN,nga|DT,waray|MDFR,ko|PNN,na|DT,maupay|MDFR,nga|DT,mabubuhat|VB,para|CJTN,ha|DT,iyo|PNN
waray|MDFR,ta|PNN,ngani|CJTN,ikaw|NN,katutdoi|VB,hin|IJTN,eskrima|XX,nga|DT,gintutdo|VB,ha|DT,akon|PNN,han|DT,akon|PNN,amay|NN
kundi|CJTN,waray|MDFR,sapayan|IJTN
maiha|MDFR,man|FW,ngani|CJTN,ito|CJTN,pag-inadman|VB,",|?",ngan|CJTN,makuri|VB,pa|CLTC,gud|CLTC
adi|PNN,man|FW,it|IJTN,madali|MDFR
diri|MDFR,ini|PNN,danaw|NN,",|?",genuine|FW,ini|PNN,nga|DT,smuggle|FW
sugad|VB,hini|PNN,it|IJTN,’|?,pagkapot|VB
gamita|VB,an|DT,duha|NMBR,mo|NN,nga|DT,kamot|NN
iton|CJTN,pagkablit|VB,sinusugad|VB,la|CLTC
maaram|MDFR,ka|PNN,na|DT,?|?,sige|CLTC,daw|MDFR
matiaw-tiaw|VB,nga|DT,mga|MDFR,mata|NN,an|DT,igintutok|mMDFR,ni|DT,tatay|NN,ha|DT,akon|PNN
waray|MDFR,ko|PNN,na|DT,hikit-i|CJTN,han|DT,pagbuto|VB
an|DT,siyahan|NMBR,ko|PNN,nga|DT,hinkit-an|VB,",|?",hi|DT,iday|NN,nga|DT,nakupkop|VB,kan|DT,nanay|NN,",|?",nagkikinurahab|VB,",|?",kundi|CJTN,waray|MDFR,ko|PNN,hidudunggi|MDFR,han|DT,akon|PNN,panimungol|MDFR
hi|DT,tatay|NN,",|?",baga|MDFR,hin|IJTN,nahirasok|XX,an|DT,pagkasandig|VB,niya|PNN,ha|DT,iya|PNN,lingkoran|NN
naigo|VB,hiya|PNN,dida|PNN,ha|DT,igbaw|MDFR,han|DT,tuo|IJTN,nga|DT,mata|NN
nga|DT,disgrasya|NN,man|FW,daw|MDFR,",|?",kunsi|IDEX,ni|DT,apoy|NN,",|?",nga|DT,disgrasya|NN,man|FW,daw|MDFR
amo|MDFR,man|FW,an|DT,siring|VB,han|DT,ngatanan|MDFR
kasabot|NN,la|CLTC,nira|PNN
